well_name,metric_month,Administrative_Overhead,Chemical_Solvents,Computer_Monitoring,Electricity,Environmental_Expenses,Field_Direct_Payroll,Field_Office_Expense,Fuel_Power,Hauling,Land_Expense,Lease_Crew_Maint,Materials_Supplies,Rentals,Repair_Maintenance,Surface_Payments,Total_WI_Expenses,Vacuum_Truck,Vehicle_Expense,Workover_Cost
Addie Hinds 1H,01-09-2023,1182.79,1145.72,97.68,3396.68,227.9,758.49,11.44,251.2,10.65,0,0,208.88,2.66,0,0,7674.09,2.3,167.95,0
Addie Hinds 2H,01-09-2023,1217.21,1263.59,106.47,4007.77,247.88,826.69,12.48,273.8,11.62,0,0,227.66,2.91,0,0,8612.14,2.5,182.95,0
Briscoe Dickerson 1H,01-09-2023,1184,1307.89,61.37,7956.06,400,476.55,7.2,312,6.69,0,0,131.24,1.67,0,0,12091.43,1.44,113.57,0
Briscoe Dickerson 2H,01-09-2023,1216,1354.91,65.98,8643.75,0,512.31,7.72,338,7.2,0,0,141.08,1.8,0,0,12554.1,1.55,122.12,0
Carter Unit 7H,01-09-2023,1255.8,0,155.09,7623.03,282.07,1204.27,18.16,284.88,16.91,0,0,525.35,4.23,0,0,11948.98,3.64,242.53,0
Carter Unit 8H,01-09-2023,1144.2,0,117.13,4800.59,213.19,909.42,13.72,215.12,12.78,0,0,396.73,3.19,0,0,46057.7,2.76,183.21,37794.19
Conley Hickman 2H,01-09-2023,800,0,95.92,11500.29,0,744.84,11.24,0,10.46,0,0,212.1,2.62,0,0,14673.29,922.25,167.58,0
Cora Malone 1H,01-09-2023,922.65,602,77.78,14809.85,362.86,603.95,9.12,0,8.48,0,235.28,545.02,2.12,0,0,25455.45,1.83,161.13,6856.47
Cora Malone 3H,01-09-2023,860.34,421.4,38.27,7637.26,211.55,297.14,4.48,0,4.17,0,115.77,268.18,1.04,0,0,11076.51,0.9,86.2,1003.42
Cora Malone 4H,01-09-2023,1417.01,662.2,391.29,14192.12,933.54,3038.29,45.84,0,42.68,0,1183.66,2809,10.67,0,0,36924.96,9.19,637.54,10259.49
Davis B Wilson 2H,01-09-2023,954.2,310.36,89.75,1893.59,88.43,696.91,10.52,72.28,9.79,0,93.7,191.92,2.45,0,0,4837.64,2.11,154.1,0
Davis B Wilson 3H,01-09-2023,976.61,355.53,102.79,1063.84,101.3,798.13,12.04,82.78,11.21,0,107.31,219.8,2.8,0,0,4319.4,2.42,176.5,0
Davis B Wilson 4H,01-09-2023,998.04,397.76,115.26,2431.52,113.2,895.03,13.52,92.84,12.57,0,120.33,246.47,3.14,0,0,30952.47,2.71,282.78,24883.73
Davis B Wilson 5H,01-09-2023,1071.15,1328.45,157.82,6839.58,155.53,1225.43,18.48,127.1,17.22,0,164.76,337.47,4.31,0,0,12192.39,3.7,270.99,0
Floy Gray 1H,01-09-2023,993.53,67.22,315.05,2156.31,108.96,2446.28,36.92,120.96,34.36,0,362.66,690.3,8.59,0,500,9057.74,7.41,532.74,0
Floy Gray 2H,01-09-2023,882.99,28.82,134.89,2025.93,46.72,1047.44,15.8,51.86,14.71,0,155.52,352.36,3.68,0,500,5781.7,3.17,228.16,0
Floyd Tiller 1H,01-09-2023,0,387.95,830.82,2408.25,27.51,0,0,0,0,0,0,0,0,0,0,3663.49,0,8.96,0
Floyd Tiller 3H,01-09-2023,1014.11,1146.81,84.83,5839.44,73.83,658.69,9.92,167.27,9.25,0,0,181.39,2.31,0,0,9517.24,1.99,145.24,0
Floyd Tiller 5H,01-09-2023,903.18,407.6,40.84,1831.03,35.57,317.11,4.8,80.62,4.46,0,0,87.35,1.11,0,0,3872.24,0.96,69.93,0
Floyd Tiller 6H,01-09-2023,800,622.46,74.67,2210.38,77.28,579.79,8.72,0,8.14,0,0,159.66,2.04,0,0,4845.26,1.76,140.03,0
Floyd Tiller 7H,01-09-2023,1283.84,2463.17,158.16,7349.54,224.13,1228.07,18.56,317.52,17.25,0,0,447.64,4.31,0,1000,15135.61,3.71,280.12,0
Floyd Tiller 9H,01-09-2023,1018.2,861.97,86.41,1667.51,75.23,670.95,10.12,170.46,9.42,0,0,184.77,2.36,0,0,5092.9,2.03,147.93,0
Floyd Tiller 10H,01-09-2023,934.93,2048.91,145.38,14334.34,159.98,1128.86,17.04,105.42,15.86,0,0,310.88,3.96,0,0,19793.8,3.42,272.66,0
Floyd Tiller 12H,01-09-2023,929.58,429.07,24.41,2792.99,34.4,189.52,2.84,101.23,2.66,0,0,52.18,0.67,0,0,4658.27,0.57,45.76,0
J.B. Northcutt 2H,01-09-2023,995.27,1800.13,131.65,5873.02,168.26,1022.25,15.44,149.51,14.36,0,0,281.52,3.59,0,0,10962.53,3.1,221.74,0
J.B. Northcutt A 3H,01-09-2023,944.09,537.02,97.14,2791.89,94.4,754.31,11.36,110.31,10.6,0,0,207.73,2.65,0,0,5924.5,2.28,152.13,0
J.B. Northcutt 6H,01-09-2023,940.68,1374.87,94.85,4697.41,121.22,736.44,11.12,107.72,10.34,0,0,202.79,2.58,0,0,8665.62,2.23,159.73,0
J.L. New 1H,01-09-2023,870.48,2468.46,208.32,2176.56,130.99,1617.59,24.4,22.02,22.72,0,0,500.76,5.68,0,1000,9856,4.89,355.82,0
Mary B Johnson 1BH,01-09-2023,890.44,42.83,147.01,1595.18,64.72,1141.52,17.24,56.52,16.03,0,169.47,314.35,4.01,0,500,5543.64,3.46,265.18,0
Mary B Johnson 4H,01-09-2023,856.3,20.91,91.52,3965.36,33.34,710.63,10.72,35.2,9.99,0,105.51,195.71,2.5,0,500,6893.13,2.15,156.78,0
Mary B Johnson 5H,01-09-2023,850.82,19.18,82.56,3354.58,30.46,641.04,9.68,31.76,0,0,95.24,176.52,2.25,0,500,6124.13,1.94,141.86,0
Mary B Johnson 6H,01-09-2023,914.49,42.52,186.1,6933.87,67.79,1445.05,21.8,71.56,20.3,0,214.55,397.96,5.07,0,1500,12543.81,4.37,318.78,0
Mary B Johnson 7H,01-09-2023,851.96,19.3,84.46,2230.03,30.77,655.83,9.88,32.48,9.21,0,97.37,180.6,2.31,0,500,5032.21,1.99,144.65,0
Merriweather South 5H,01-09-2023,1600,361.2,160.92,6821.33,659.8,1249.52,18.84,650,17.55,0,0,344.1,4.38,0,0,13266.06,3.78,271.37,0
Mose Baggett A 1H,01-09-2023,800,0,94.3,4599.58,0,732.18,11.04,0,10.29,0,0,201.64,2.57,0,1000,16117.8,2.21,183.41,7974.1
Moses Baggett 2H,01-09-2023,1298.9,1231.78,223.9,9479.28,284.55,1738.59,26.24,350.79,24.42,0,0,643.09,6.11,0,0,22122.86,5.27,384.71,0
Moses Baggett 3H,01-09-2023,1101.1,1285.22,135.14,7654.38,171.74,1049.31,15.84,211.71,14.73,0,0,388.11,3.69,0,0,12556.37,3.17,232.07,0
Moses Watson 1H,01-09-2023,1023.06,1519.9,110.9,5127.97,136.74,861.12,13,87.13,12.1,0,771.12,1617.95,3.02,324.8,0,16556.06,260.52,174.41,4274.18
Moses Watson 2H,01-09-2023,988.42,2581.33,93.67,8075.92,95.17,727.36,10.96,73.6,10.22,0,651.35,1366.63,2.55,4729.49,0,23581.94,220.06,143.76,3610.31
Moses Watson 3H,01-09-2023,1188.52,1598.77,193.16,1932.23,226.55,1499.86,22.64,151.77,21.06,0,1343.12,2953.66,5.27,2687.42,0,143860.72,453.77,301.76,128866.43
Northcutt Dye 1H,01-09-2023,855.21,11.73,89.74,3139.43,22.1,696.8,10.52,34.5,9.79,0,103.45,212.47,2.45,0,875,6399.02,2.11,141.03,0
Northcutt Dye 2H,01-09-2023,800.14,30.54,0.24,3317.88,36.92,1.82,0,0.08,0.03,0,0.27,0.51,0,0,375,4608.45,0,44.51,0
Northcutt Dye 3H,01-09-2023,830.88,18.22,50.19,3111.79,26.42,389.76,5.88,19.3,5.47,0,57.87,107.32,1.37,0,500,5329.18,1.18,95.75,0
R.W. Carter 4BH,01-09-2023,956.68,674.79,51.22,3556.09,116.9,397.68,0,102.82,5.59,0,0,144.96,1.4,0,0,6196.11,1.2,70.79,0
R.W. Carter 5BH,01-09-2023,959.48,626.77,52.13,2723.7,89.92,404.79,6.12,104.66,5.68,0,0,147.56,1.42,0,0,5324.83,1.23,89.46,0
Salt Flat Field,01-09-2023,0,0,0,0,0,0,0,0,0,0,0,0,0,0,0,0,0,0,0
Smith B Unit 2H,01-09-2023,930.89,1177.79,55.48,3621.7,37.19,430.81,6.52,40.9,6.06,0,0,118.64,1.51,0,1000,9355.62,1.3,95.41,0
Smith B Unit 3H,01-09-2023,1064.64,2276.54,103.04,3333.6,68.85,800.07,12.04,82.7,11.23,0,0,220.32,2.81,0,0,8376.46,2.43,176.95,0
Smith Heirs Lease,01-09-2023,0,0,0,0,400,0,0,0,0,0,0,0,0,0,700,1100,0,0,0
Smith Northcutt 2H,01-09-2023,1133.99,4557.21,262.92,7098.84,170.55,2041.5,30.84,104.38,28.68,0,0,562.21,7.17,0,0,17019.57,6.17,450.58,0
Tiller Briscoe 9H,01-09-2023,873.24,1463.55,119.05,9231.88,46.55,924.4,13.92,45.78,12.98,0,137.24,254.56,3.25,0,0,13592.56,2.8,207.75,0
W.H. New 1H,01-09-2023,800,977.09,0,4892.74,39.91,0,0,0,0,0,706.01,0,0,0,0,7431.19,0,15.44,0
W.H. New 2H,01-09-2023,978.9,904.21,120.61,1551.28,137.56,936.55,14.12,136.96,13.16,0,0,1931.42,3.29,7462.76,0,54105.34,2.84,196.73,39455.96
W.H. New 3H,01-09-2023,941.06,1299.05,95.1,3809.78,107.11,738.43,11.16,108,10.37,0,0,203.36,2.59,0,0,7687.03,2.23,154.59,0
Wilson Malone 2H,01-09-2023,0,0,0,0,0,0,0,0,0,0,0,0,0,0,0,0,0,0,0
Addie Hinds 1H,01-10-2023,1183.28,810.69,100.52,4202.84,136,911.45,17.55,305.43,0,0,0,444.09,0,0,0,8840.21,345,278.56,0
Addie Hinds 2H,01-10-2023,1216.72,842.57,109.27,5011.31,147.86,991.88,19.07,332.07,0,0,0,341.53,0,0,0,9774.97,345,303.47,0
Briscoe Dickerson 1H,01-10-2023,1185.04,528.4,87.63,8592.59,108.1,704.67,15.29,330.89,0,0,1113.18,1141.75,0,695.13,0,14755.49,0,186.99,0
Briscoe Dickerson 2H,01-10-2023,1214.96,571.71,94.44,10310.94,116.49,758.86,16.49,356.61,0,0,1199.69,1230.45,0,753.05,0,16895.63,0,201.15,0
Carter Unit 7H,01-10-2023,1255.6,11072.65,86.02,8611.52,327.59,1050.21,15.01,284.75,0,0,1021.52,265.36,0,0,0,24693.92,130.99,406.31,0
Carter Unit 8H,01-10-2023,1144.4,4432.38,65.01,10461.57,247.63,793.38,11.35,215.25,0,0,772.19,469.38,0,0,0,12268.78,99.01,306.82,-6875.23
Conley Hickman 2H,01-10-2023,800,822.65,106.77,11636.62,11.49,938.52,18.64,0,0,0,0,314.25,0,0,0,15029.38,0,277.52,0
Cora Malone 1H,01-10-2023,1054.32,1081.44,163.6,15168.39,279.05,1176.52,28.55,0,0,0,179.99,470.7,0,789.7,0,20738.39,0,262.68,0
Cora Malone 3H,01-10-2023,958.16,238.24,101.77,7325.7,173.55,693.61,17.77,0,0,0,111.94,291.2,0,457.77,0,10550.38,0,139.62,0
Cora Malone 4H,01-10-2023,1187.52,1848.91,249.29,14533.69,425.2,2823.76,43.51,0,0,0,274.27,771.14,0,2103.77,0,25721.69,0,1040.85,0
Davis B Wilson 2H,01-10-2023,954.32,812.4,91.72,2154.94,60.26,834.03,16.01,79.57,0,0,0,817.95,0,58.47,0,6231.61,0,255.64,0
Davis B Wilson 3H,01-10-2023,976.8,378.91,105.05,1119.68,69.06,955.23,18.34,91.17,0,0,0,937.02,0,66.98,0,5121.25,0,292.76,0
Davis B Wilson 4H,01-10-2023,997.44,905.08,117.36,3838.42,77.1,1068.77,20.48,101.8,0,0,0,2256.83,0,74.81,0,22194.67,0,328.12,12284.79
Davis B Wilson 5H,01-10-2023,1071.44,1183.8,161.33,7755.1,106.02,1466.75,28.16,139.96,0,0,0,1438.66,0,102.84,0,14072.92,0,449.54,0
Floy Gray 1H,01-10-2023,962.41,904.51,296.9,2564.29,129.82,2792.43,51.83,104.04,0,0,189.82,1097.19,0,0,500,13189.32,194.74,885.06,1985.44
Floy Gray 2H,01-10-2023,869.63,387.83,127.3,2391.89,55.65,1196.57,22.22,44.61,0,0,81.38,432.64,0,0,500,6799.71,83.51,379.07,0
Floyd Tiller 1H,01-10-2023,81.6,41.11,27.36,3594.75,46.38,147.58,4.77,59.93,0,0,0,76.67,0,0,0,4093.53,0,13.38,0
Floyd Tiller 3H,01-10-2023,917.51,1191.35,85.41,6030.58,48.2,781.38,14.91,108.33,0,0,0,252.66,0,0,0,9762.33,0,240.98,0
Floyd Tiller 5H,01-10-2023,856.64,761.24,41.16,1700.71,23.25,376.42,7.19,52.21,0,0,0,121.76,0,0,0,4100.45,0,116.07,0
Floyd Tiller 6H,01-10-2023,954.56,402.78,112.35,2212.38,63.4,888.25,19.61,142.49,0,0,0,326.55,0,0,0,5432.79,0,230.31,0
Floyd Tiller 7H,01-10-2023,1359.93,1237.26,187.72,11578.3,318.23,1610.44,32.76,411.2,0,0,0,550.88,0,0,1000,18919.63,0,463.24,0
Floyd Tiller 9H,01-10-2023,919.76,846,87.04,1695.42,49.13,796.15,15.2,110.4,0,0,0,257.47,0,0,0,5114.75,0,245.48,0
Floyd Tiller 10H,01-10-2023,1100.97,1114.5,218.76,15178.72,123.46,1729.57,38.18,277.46,0,0,0,635.86,0,0,0,21021.88,0,448.43,0
Floyd Tiller 12H,01-10-2023,850.56,448.82,36.75,2877.27,20.74,290.48,6.42,46.61,0,0,0,106.82,0,0,0,4785.92,0,75.28,0
J.B. Northcutt 2H,01-10-2023,1005.47,1446.48,121.41,6833.47,134.12,1152.57,21.19,176.57,0,0,0,360.9,0,0,0,11762.01,0,368.58,0
J.B. Northcutt A 3H,01-10-2023,892.09,1129.92,54.42,3916.58,60.1,660.73,9.5,79.14,0,0,0,167.72,0,0,0,7329.19,0,254.77,0
J.B. Northcutt 6H,01-10-2023,948.03,1042.08,87.47,5400.48,96.62,830.32,15.27,127.22,0,0,0,259.99,0,0,0,9174.72,0,265.5,0
J.L. New 1H,01-10-2023,1060.64,2356.38,207.13,2444.19,114.46,1904.79,36.15,48.87,0,0,214.11,1705.27,0,600.17,1000,12506.17,0,590.52,0
Mary B Johnson 1BH,01-10-2023,903.49,949.97,189.18,1900.94,82.72,1576.18,33.02,66.29,0,0,120.95,612.89,0,0,500,7745.05,91,437.79,0
Mary B Johnson 4H,01-10-2023,850.53,452.78,92.39,4574.28,40.39,844.28,16.13,32.38,0,0,59.07,321.63,0,0,500,8258.8,56.65,260.1,0
Mary B Johnson 5H,01-10-2023,846.34,548.65,84.71,3846.03,37.04,769.01,14.78,29.68,0,0,54.15,283.87,0,0,500,7444.32,51.15,235.34,0
Mary B Johnson 6H,01-10-2023,902.75,1004.91,187.83,7644.48,82.12,1716.67,32.79,65.82,0,0,120.08,631.1,0,0,1500,14854.31,115.2,528.88,0
Mary B Johnson 7H,01-10-2023,846.61,552.12,85.22,2688.98,37.27,778.97,14.88,29.87,0,0,54.49,286.35,0,0,500,6313.09,52.29,240.07,0
Merriweather South 5H,01-10-2023,1600,766.25,149.36,8095.35,441.9,1413.92,26.07,675,0,0,0,443.79,0,0,0,14235.25,0,450.98,0
Mose Baggett A 1H,01-10-2023,800,243.48,162.03,5095.49,273.31,1230.44,28.28,0,0,0,0,468.85,0,0,1000,13467.27,0,300.66,3763.56
Moses Baggett 2H,01-10-2023,1299.36,3481.43,229.56,11597.99,399.29,2084.67,40.07,218.47,0,0,1496.3,1232.91,0,5255.51,0,28213.91,0,638.14,0
Moses Baggett 3H,01-10-2023,1100.64,2552.17,138.22,8551.08,240.39,1256.38,24.12,131.53,0,0,900.85,742.35,0,3164.09,0,19331.76,0,384.97,0
Moses Watson 1H,01-10-2023,1040.88,2528.44,64.47,6926.28,85.74,766.97,11.26,109.15,0,0,0,198.06,0,300.03,0,13916.33,0,291.97,1474.09
Moses Watson 2H,01-10-2023,962.8,2004.67,43.58,11213.76,57.94,589.16,7.61,73.77,0,0,0,136.82,0,253.43,0,16681.58,0,241.27,996.27
Moses Watson 3H,01-10-2023,1196.32,3718.92,106.1,13608.21,141.07,1302.47,18.52,179.58,0,0,0,546.38,0,522.58,0,36130.03,0,505.53,14077.14
Northcutt Dye 1H,01-10-2023,828.35,810.62,51.82,3627.31,22.66,618.73,9.04,18.16,0,0,33.14,218.11,0,0,875,7534.53,55.55,236.09,0
Northcutt Dye 2H,01-10-2023,873.8,564.28,134.92,3858.16,58.99,728.65,23.55,47.28,0,0,86.25,378.22,0,0,375,7283.68,0.14,66.56,0
Northcutt Dye 3H,01-10-2023,844.01,555.23,80.45,3533.08,35.18,623.72,14.04,28.2,0,0,51.43,253.71,0,0,500,6813.44,31.07,157.2,0
R.W. Carter 4BH,01-10-2023,800,153.35,0,3986.01,0,193.59,0,0,0,0,0,8.03,0,0,0,5316.24,0,120.3,0
R.W. Carter 5BH,01-10-2023,958.47,235.92,53.12,3012.01,90.06,483.62,9.28,116.37,0,0,0,157.05,0,0,0,5320.21,0,148.4,0
Salt Flat Field,01-10-2023,0,0,0,0,0,0,0,0,0,0,0,0,0,0,0,0,0,0,0
Smith B Unit 2H,01-10-2023,871.89,1449.79,57.14,4207.64,31.58,517.9,9.97,13.48,0,0,59.06,170.08,0,367.45,1000,8973.74,0,158.23,0
Smith B Unit 3H,01-10-2023,932.68,2423.49,105.44,3861.59,58.26,958.25,18.4,24.88,0,0,109,313.98,0,719.97,0,9930.06,0,293.58,0
Smith Heirs Lease,01-10-2023,0,0,0,0,205,0,0,0,0,0,0,0,0,0,700,905,0,0,0
Smith Northcutt 2H,01-10-2023,1134.79,4027.12,266.05,8333.49,147.03,2428.97,46.44,62.77,0,0,275.02,792.7,0,1211.97,0,19755.98,0,747.57,0
Tiller Briscoe 9H,01-10-2023,872.08,5997.26,131.78,10455.29,57.62,1160.83,23.01,46.17,0,0,84.25,489.1,0,0,0,25095.62,73.7,344.04,5147.19
W.H. New 1H,01-10-2023,879.81,561.86,47.16,5732.53,52.08,254.39,8.23,68.58,0,0,0,132.17,0,0,0,7759.89,0,23.08,0
W.H. New 2H,01-10-2023,955.06,1091.63,91.62,3815.71,101.22,950.17,15.99,133.26,0,0,0,275.69,0,0,0,7887.76,0,328,0
W.H. New 3H,01-10-2023,919.54,841.54,70.64,4752,78.02,740.49,12.33,102.73,0,0,0,212.86,0,0,0,8090.09,0,257.92,0
Wilson Malone 2H,01-10-2023,0,0,0,0,0,0,0,0,0,0,0,0,0,0,0,0,0,0,0
Addie Hinds 1H,01-11-2023,1183.28,750.27,102.34,3733.96,0,508.68,17.44,299.44,0,0,40.63,209.31,0,770.99,0,14615.45,0,113.35,0
Addie Hinds 1H,01-12-2023,1183.28,2086.98,100.97,4781.85,74.68,517.31,0,347.35,0,0,0,139.87,0,52.81,0,9382.27,11.65,112.58,0
Addie Hinds 1H,01-01-2024,1183.28,937.84,119.87,4458.83,37.1,575,17.91,239.55,0,0,0,133.17,0,0,0,7512.23,8.44,358.51,0
Addie Hinds 1H,01-02-2024,1183.28,750.27,99.6,4241.07,179.66,562.05,121.1,395.26,0,23.49,21.06,67.53,0,0,0,7893.13,20.05,41.21,0
Addie Hinds 1H,01-03-2024,1183.28,555.74,99.6,3285.89,29.56,778.24,0,293.45,0,12.66,0,214.54,2.7,23.49,0,6667.57,0,-7.53,0
Addie Hinds 1H,01-04-2024,1183.28,1280.01,99.6,4151.44,80.32,547.65,55.27,301.9,29.55,0,0,81,0,0,0,6793.03,8.44,-24.76,0
Addie Hinds 1H,01-05-2024,1183.28,1959.04,99.6,0,37.78,554.71,29,517.95,0,0,0,91.41,0,0,0,4183.48,0,87.35,0
Addie Hinds 1H,01-06-2024,1183.28,1349.07,99.6,10069.11,0,540.8,32.27,143.73,0,0,0,146.01,10.57,0,0,13595.56,14.44,50.74,0
Addie Hinds 1H,01-07-2024,1183.28,1164.7,96,4166.77,36.04,552.6,12.78,281.47,0,0,157.97,203.51,0,0,0,8863.21,0,142.76,0
Addie Hinds 1H,01-08-2024,1183.28,1344.06,97.34,3678.99,0,778.29,92.82,119.78,0,0,308.79,2254.28,0,910.29,0,11440,0,73.16,0
Addie Hinds 1H,01-09-2024,1183.28,1127.8,96,4027.68,78.38,518.3,35.57,263.51,0,0,0,1964.67,0,974.72,0,11494.65,0,70.18,0
Addie Hinds 1H,01-10-2024,1183.28,1404.9,96,3988.27,103.9,522.49,32.68,124.43,0,0,223.48,175.18,0,0,0,9098.87,479.1,265.78,0
Addie Hinds 2H,01-11-2023,1216.72,815.73,111.27,4334.57,0,553,18.92,325.56,0,0,44.18,227.55,0,838.25,0,15524.1,0,114.4,0
Addie Hinds 2H,01-12-2023,1216.72,2079.17,109.78,5929.35,81.2,562.37,0,377.65,0,0,0,191.78,0,57.42,0,10711.05,12.66,122.37,0
Addie Hinds 2H,01-01-2024,1216.72,1019.66,130.33,5333.8,40.33,625.1,19.44,260.45,0,0,0,207.54,0,0,0,13829.97,9.18,389.72,5257.63
Addie Hinds 2H,01-02-2024,1216.72,815.73,108.29,5043.86,195.34,611.03,131.65,429.74,0,25.54,22.89,40.35,0,0,0,8911.53,21.79,44.78,0
Addie Hinds 2H,01-03-2024,1216.72,588.46,108.29,3813.42,32.14,846.05,0,319.05,0,13.77,0,233.24,2.94,25.54,0,7404.45,0,-8.18,0
Addie Hinds 2H,01-04-2024,1216.72,1365.43,108.29,4994.54,87.32,595.38,60.05,328.23,32.11,0,0,91.46,0,0,0,7768.29,9.18,-32.45,0
Addie Hinds 2H,01-05-2024,1216.72,2129.96,108.29,0,41.08,603.05,31.47,563.13,0,0,0,99.36,0,0,0,4427.68,0,94.96,0
Addie Hinds 2H,01-06-2024,1216.72,1345.23,108.29,11658.72,0,586.69,33.65,156.27,0,0,0,158.49,11.46,0,0,15238.34,15.66,55.07,0
Addie Hinds 2H,01-07-2024,1216.72,1063.3,104.15,4924.99,39.19,599.48,13.86,306.03,0,0,171.76,221.08,0,0,0,9752.04,0,154.9,0
Addie Hinds 2H,01-08-2024,1216.72,1443.03,105.61,4361.11,0,844.33,100.7,130.22,0,0,335.74,2450.68,0,989.71,0,12699.43,0,79.41,0
Addie Hinds 2H,01-09-2024,1216.72,1226.2,104.15,4788.41,85.02,562.28,38.59,286.49,0,0,0,2135.85,0,1059.77,0,12830.94,0,76.16,0
Addie Hinds 2H,01-10-2024,1216.72,1468.26,104.15,4618.34,112.9,566.82,35.44,135.29,0,0,242.98,190.04,0,0,0,10036.81,520.9,288.33,0
Briscoe Dickerson 1H,01-11-2023,1185.04,1775.15,89.22,10092,0,443.44,15.2,348.95,0,0,40.82,1260.58,0,65.85,0,17180.34,0,91.77,0
Briscoe Dickerson 1H,01-12-2023,1185.04,1461.6,88.02,0,334.49,450.97,0,787.5,0,0,0,104.34,0,46.04,0,4542.78,10.16,98.19,0
Briscoe Dickerson 1H,01-01-2024,1185.04,913.44,104.5,23574.63,18.35,501.26,15.61,500,0,0,0,116.09,0,0,0,27355.03,7.36,312.53,0
Briscoe Dickerson 1H,01-02-2024,1600,853.24,86.83,12246.27,375,1018.08,105.57,862.5,0,20.48,90.55,37.62,0,0,0,17555.4,36.32,59.47,0
Briscoe Dickerson 1H,01-03-2024,1600,853.1,180.41,8834.47,4.7,1409.66,0,675,0,22.93,852.52,126.96,4.9,42.55,0,15323.5,375,-13.62,0
Briscoe Dickerson 1H,01-04-2024,1600,0,180.41,11878.43,157.26,991.99,100.09,720.16,53.52,0,0,4352.38,0,1449.15,0,21882.78,265.29,-54.05,0
Briscoe Dickerson 1H,01-05-2024,1600,2412.34,180.41,13137.59,73.72,1004.78,52.18,602.13,0,0,0,452.11,0,0,0,19673.5,0,158.24,0
Briscoe Dickerson 1H,01-06-2024,1600,1472,180.41,13495.34,0,314.65,18.77,637.5,0,0,0,123.15,6.15,0,0,18189.17,8.4,44.8,0
Briscoe Dickerson 1H,01-07-2024,1600,1087.5,55.86,11492.5,80.65,321.51,7.41,812.5,0,0,988.48,732.25,0,1444.89,0,24890.22,375,83.07,5218
Briscoe Dickerson 1H,01-08-2024,1600,451.5,56.63,10800.77,0,452.82,54,250,0,0,230.19,67.65,0,210.76,0,14725.09,0,42.57,0
Briscoe Dickerson 1H,01-09-2024,1600,0,55.86,2985.64,45.6,301.56,20.7,62.5,0,0,0,58.46,0,0,0,5869.12,0,40.83,0
Briscoe Dickerson 1H,01-10-2024,1600,0,55.86,2780.52,14.74,303.99,19,366.67,0,0,0,101.93,0,1251.64,0,10335.17,0,154.68,3288
Briscoe Dickerson 2H,01-11-2023,1214.96,1866.33,96.16,4685.06,0,477.95,16.36,376.05,0,0,43.99,1404.94,0,70.97,0,12261.65,0,98.87,0
Briscoe Dickerson 2H,01-12-2023,1214.96,926.4,94.87,0,360.48,486.05,0,0,0,0,0,109.82,0,49.63,0,3333.47,10.94,105.77,0
Briscoe Dickerson 2H,01-01-2024,1214.96,270.76,112.63,0,0,540.26,16.8,0,0,0,0,125.12,0,0,0,2739.73,7.93,336.84,0
Briscoe Dickerson 2H,01-02-2024,800,270.76,93.58,0,0,0,113.78,0,0,22.08,97.59,30.49,0,0,0,1619.58,0,15.17,0
Briscoe Dickerson 2H,01-03-2024,800,0,0,0,0,0,0,0,0,0,0,0,0,0,0,800,0,0,0
Briscoe Dickerson 2H,01-04-2024,800,0,0,0,0,0,0,0,0,0,0,0,0,0,0,800,0,0,0
Briscoe Dickerson 2H,01-05-2024,800,0,0,0,0,0,0.41,0,0,0,0,0,0,0,0,800.41,0,0,0
Briscoe Dickerson 2H,01-06-2024,800,0,0,0,0,0,1.56,0,0,0,0,0,0,0,0,801.56,0,0,0
Briscoe Dickerson 2H,01-07-2024,0,0,0,0,0,0,0,0,0,0,0,0,0,0,0,0,0,0,0
Briscoe Dickerson 2H,01-08-2024,0,0,0,0,0,0,0,0,0,0,0,0,0,0,0,0,0,0,0
Briscoe Dickerson 2H,01-09-2024,0,0,0,2985.64,0,0,0,0,0,0,0,0,0,0,0,2985.64,0,0,0
Briscoe Dickerson 2H,01-10-2024,0,0,0,2804.7,0,0,0,0,0,0,0,0,0,0,0,2804.7,0,0,0
Carter Unit 7H,01-11-2023,1255.6,301,87.58,8478.75,0,435.28,14.92,306.1,0,0,440.57,1116.74,0,2213.34,0,22774.2,0,90.06,0
Carter Unit 7H,01-12-2023,1255.6,6213.67,86.41,9108.07,32.06,442.67,0,355.94,0,0,237.41,1683.53,0,1609.28,0,21107.8,9.97,96.34,0
Carter Unit 7H,01-01-2024,1255.6,3076.21,102.58,9865.12,1396.99,492.03,15.33,213.56,0,0,272.39,113.96,0,0,0,17222,7.22,306.76,0
Carter Unit 7H,01-02-2024,1255.6,2999.67,85.23,7763.06,213.56,480.95,103.63,384.42,1125,20.1,98.94,755.04,0,0,0,47625.16,729.03,35.26,31415.22
Carter Unit 7H,01-03-2024,1255.6,3715.49,85.23,6218.83,34.28,665.95,0,291.87,0,10.84,0,693.7,2.31,223.31,0,6209.96,0,-6.43,0
Carter Unit 7H,01-04-2024,1255.6,3837.08,85.23,8962.88,77.72,468.64,47.29,302.47,25.28,0,0,563.37,0,369.42,0,16065.53,7.22,-25.56,0
Carter Unit 7H,01-05-2024,1255.6,4987.98,85.23,9372.68,549.3,474.67,24.87,252.88,0,0,0,78.22,0,0,0,17156.18,0,74.75,0
Carter Unit 7H,01-06-2024,1256,3700.81,85.23,10303.79,0,825.95,46.73,270.75,0,0,0,184.92,16.14,0,0,9635.6,22.05,69.15,0
Carter Unit 7H,01-07-2024,1256,451.5,146.63,9013.06,42.88,843.97,19.5,349.13,0,0,612.12,938.92,0,858.27,0,19921.47,0,218.03,3621.1
Carter Unit 7H,01-08-2024,1256,1817.41,148.67,7778.64,0,1188.66,141.75,142.5,0,0,86.79,177.56,0,0,0,13455.51,0,111.75,0
Carter Unit 7H,01-09-2024,1256,3710.38,146.63,8151.61,119.7,791.58,54.32,228,0,0,0,153.48,0,0,0,16551.07,0,107.18,0
Carter Unit 7H,01-10-2024,1256,2376.38,146.63,8488.43,81.56,797.98,49.92,139.33,0,0,0,901.8,0,0,0,15689.02,0,405.88,0
Carter Unit 8H,01-11-2023,1144.4,903,66.19,12419.71,0,328.98,11.28,231.4,0,0,333.04,844.16,0,1673.12,0,24096.61,0,68.05,0
Carter Unit 8H,01-12-2023,1144.4,5191.93,65.3,13370.9,24.23,334.56,0,269.06,0,0,179.46,1123.85,0,1216.49,0,22983.02,7.54,72.79,0
Carter Unit 8H,01-01-2024,1144.4,2887.09,77.53,14489.46,1056.02,371.88,11.58,161.44,0,0,205.91,86.13,0,0,0,20807.57,5.46,231.87,0
Carter Unit 8H,01-02-2024,1144.4,2869.53,64.42,12915.5,161.44,363.51,78.32,290.58,0,15.2,74.8,207.7,0,0,0,18884.4,551.09,26.64,0
Carter Unit 8H,01-03-2024,1144.4,3003.22,64.42,9433.23,25.91,503.33,0,220.63,625,8.19,0,524.37,1.75,191.99,0,8719.58,0,-4.9,0
Carter Unit 8H,01-04-2024,1144.4,3329.49,64.42,13522.55,58.73,354.19,35.75,228.64,19.11,0,0,425.88,0,279.26,0,19515.75,5.46,-19.31,0
Carter Unit 8H,01-05-2024,1144.4,4446.02,64.42,14488.4,415.23,358.76,18.9,191.17,0,0,0,59.11,0,0,0,21242.9,0,56.49,0
Carter Unit 8H,01-06-2024,1144,3981.44,64.42,15639.86,0,622.74,35.64,204.25,0,0,0,139.46,12.17,0,0,14580.82,16.63,52.14,0
Carter Unit 8H,01-07-2024,1144,571.9,110.55,13826.97,32.35,636.33,14.73,263.37,0,0,461.77,708.28,0,0,0,19103.56,0,164.4,0
Carter Unit 8H,01-08-2024,1144,1654.02,112.1,11975.35,0,896.21,106.89,107.5,0,0,65.47,133.89,0,0,0,16557.28,0,84.26,0
Carter Unit 8H,01-09-2024,1144,3247.92,110.55,12785.61,90.25,596.84,40.97,172,0,0,0,115.73,0,0,0,19766.11,0,80.83,0
Carter Unit 8H,01-10-2024,1144,2130.68,110.55,13066.57,61.52,601.65,37.61,105.11,0,0,0,680.22,0,0,0,19031.95,0,306.06,0
Conley Hickman 2H,01-11-2023,800,0,108.71,12648.15,0,540.32,18.48,0,0,0,0,222.34,0,80.23,0,18372.31,0,111.8,0
Conley Hickman 2H,01-12-2023,800,81.53,107.26,0,0,549.48,0,0,0,0,489.61,214.08,0,56.1,0,2401.25,12.37,119.57,0
Conley Hickman 2H,01-01-2024,800,933.1,127.34,24095.54,10.76,610.76,18.99,0,0,0,0,141.45,0,0,0,27257.12,8.97,380.8,0
Conley Hickman 2H,01-02-2024,800,0,105.8,-7.31,0,597.01,128.63,0,0,24.95,0,39.47,0,0,0,2827.77,896.3,43.76,0
Conley Hickman 2H,01-03-2024,0,0,105.8,0,2.75,826.64,0,0,0,13.45,0,74.43,2.87,119.95,0,1346.04,0,-7.98,0
Conley Hickman 2H,01-04-2024,0,0,105.8,0,56.67,581.71,58.67,0,31.38,0,0,89.35,0,0,0,1011.18,8.97,-31.71,0
Conley Hickman 2H,01-05-2024,800,0,105.8,0,11.49,589.21,30.77,0,0,0,0,97.1,0,0,0,1727.17,0,92.8,0
Conley Hickman 2H,01-06-2024,800,0,105.8,0,0,0,1.56,0,0,0,0,37.69,0,0,0,958.25,0,13.2,0
Conley Hickman 2H,01-07-2024,800,842.8,0,6650.16,76.32,0,0,362.5,0,0,0,1198.29,0,1775.3,0,17403.35,0,0,5697.98
Conley Hickman 2H,01-08-2024,800,0,0,391.87,0,0,0,0,0,0,0,0,0,0,0,1504.37,312.5,0,0
Conley Hickman 2H,01-09-2024,800,0,0,0,0,0,0,425,0,0,0,0,0,0,0,1225,0,0,0
Conley Hickman 2H,01-10-2024,0,0,0,0,126.76,0,0,183.33,0,0,0,0,0,0,0,310.09,0,0,0
Cora Malone 1H,01-11-2023,1054.32,1442.68,434.99,15877.04,0,827.93,28.36,0,0,0,79.91,972.33,0,934.51,0,29450.01,0,171.29,0
Cora Malone 1H,01-12-2023,1054.32,1433.65,164.34,0,153.14,841.97,0,0,166.9,0,0,192.47,0,85.96,1168.18,5432.49,18.96,196.63,0
Cora Malone 1H,01-01-2024,1054.32,993.3,195.1,31420.69,34.38,935.87,29.13,0,0,0,0,216.76,0,0,0,38175.84,13.74,583.48,8629.99
Cora Malone 1H,01-02-2024,1054.32,782.6,162.12,15772.14,238.42,914.81,197.1,0,0,38.24,26.31,74.84,0,0,0,22982.33,32.63,67.07,3316.56
Cora Malone 1H,01-03-2024,1054.32,497.04,162.12,17322.96,40.02,1266.67,0,0,0,20.61,599.06,190.95,4.4,274.7,0,21977.94,238.43,-12.26,0
Cora Malone 1H,01-04-2024,1054.32,903,162.12,16369.21,122.63,891.37,89.94,0,48.09,0,726.23,328.69,0,0,0,9175.85,13.74,-48.6,0
Cora Malone 1H,01-05-2024,1054.32,993.3,162.12,17105.37,53.39,902.86,46.93,0,0,0,93.41,350.18,0,532.51,0,20206.15,0,142.16,0
Cora Malone 1H,01-06-2024,1054.16,3192.54,162.12,19172.3,0,816.12,46.19,0,0,0,0,686.62,15.95,0,0,21126.93,21.78,78.05,0
Cora Malone 1H,01-07-2024,1054.16,602,144.88,15726.13,47.8,833.92,19.26,0,0,0,101.33,453.07,0,0,0,19746.8,0,215.44,0
Cora Malone 1H,01-08-2024,1054.16,744.97,146.9,14545.63,0,1174.52,140.06,0,0,0,180.01,175.45,0,1268.07,0,19054.27,0,110.42,0
Cora Malone 1H,01-09-2024,1054.16,1051.52,144.88,15082.86,118.28,782.16,53.67,0,0,0,0,151.64,0,351.85,0,20411.11,0,105.92,0
Cora Malone 1H,01-10-2024,1054.16,698.19,144.88,15555.37,86.78,788.48,49.32,0,0,0,251.48,332.95,0,0,0,19509.9,287.52,401.09,0
Cora Malone 3H,01-11-2023,958.16,862.01,270.55,7492.63,0,515,17.64,0,0,0,49.69,604.76,0,581.19,0,16201.19,0,106.54,0
Cora Malone 3H,01-12-2023,958.16,781.51,102.23,0,95.23,523.74,0,0,103.79,0,0,119.69,0,53.47,782.89,3619.07,11.8,113.98,0
Cora Malone 3H,01-01-2024,958.16,0,121.37,16500.91,21.38,582.15,18.12,0,0,0,0,134.82,0,0,0,15612.94,8.54,362.97,0
Cora Malone 3H,01-02-2024,958.16,0,100.84,8345.58,148.28,569.04,122.61,0,0,23.78,16.36,47.52,0,0,0,10583.98,20.3,41.7,0
Cora Malone 3H,01-03-2024,958.16,434.3,100.84,9111.99,24.88,787.92,0,0,0,12.82,372.54,118.75,2.74,206.76,0,12470.76,148.27,-7.6,0
Cora Malone 3H,01-04-2024,958.16,662.2,100.84,8622.96,76.28,554.47,55.94,0,29.92,0,451.64,204.4,0,0,0,4552.77,8.54,-30.21,0
Cora Malone 3H,01-05-2024,958.16,0,100.84,8747.71,33.21,561.61,29.34,0,0,0,58.1,4729.01,0,331.16,0,14989.44,0,88.45,0
Cora Malone 3H,01-06-2024,958.08,601.08,100.84,10300.71,0,508.02,29.35,0,0,0,0,427.1,9.93,0,0,10906.92,13.57,48.57,0
Cora Malone 3H,01-07-2024,958.08,602,90.18,8439.71,29.74,519.11,12,0,0,0,63.03,281.85,0,0,0,11471.95,0,134.14,0
Cora Malone 3H,01-08-2024,958.08,570.52,91.44,7777.91,0,731.12,87.2,0,0,0,111.96,109.24,0,788.7,0,10993.38,0,68.75,0
Cora Malone 3H,01-09-2024,958.08,393.38,90.18,8281.29,73.62,486.89,33.42,0,0,0,0,94.42,0,218.83,0,11638.77,0,65.94,0
Cora Malone 3H,01-10-2024,958.08,454.44,90.18,8581.06,53.99,490.82,30.68,0,0,0,156.41,207.22,0,0,0,11364.62,178.83,249.66,0
Cora Malone 4H,01-11-2023,1187.52,1607.8,662.82,15392.93,0,1261.56,43.2,0,0,0,121.76,1481.57,0,1423.96,0,35065.24,0,261.01,0
Cora Malone 4H,01-12-2023,1187.52,2163.08,250.43,0,233.34,1282.96,0,0,254.31,0,0,293.26,0,130.98,1153.93,7190.83,28.89,279.22,0
Cora Malone 4H,01-01-2024,1187.52,0,297.31,32679.5,52.4,1426.04,44.37,0,0,0,0,330.27,0,0,0,30854.83,20.94,889.09,0
Cora Malone 4H,01-02-2024,1187.52,903,247.02,16146.96,363.3,1393.94,300.33,0,0,58.27,40.09,112.63,160.13,0,0,21530.11,49.72,102.19,0
Cora Malone 4H,01-03-2024,1187.52,907.05,247.02,17657.57,60.97,1930.09,0,0,0,31.4,912.81,290.95,6.71,368.82,0,24431.49,363.3,-18.68,0
Cora Malone 4H,01-04-2024,1187.52,903,247.02,16096.86,186.86,1358.22,137.03,0,73.27,0,1106.58,500.82,0,0,0,4243.96,20.94,-74.06,0
Cora Malone 4H,01-05-2024,1187.52,993.3,247.02,17410.73,81.36,1375.73,71.29,0,0,0,142.34,533.55,0,811.41,0,21860.95,0,216.63,0
Cora Malone 4H,01-06-2024,1187.76,2032.24,247.02,19867.41,0,1245.49,69.68,0,0,0,0,1046.58,24.34,0,0,21952.05,33.25,119.06,0
Cora Malone 4H,01-07-2024,1187.76,602,221.1,15771.68,72.92,1272.65,29.4,0,0,0,154.6,691.27,0,0,0,21170.12,0,328.8,0
Cora Malone 4H,01-08-2024,1187.76,1121.11,224.19,14688.71,0,1792.42,213.77,0,0,0,274.63,267.75,0,1934.63,0,21132.71,0,168.53,0
Cora Malone 4H,01-09-2024,1187.76,888.8,221.1,15512.48,180.5,1193.66,81.92,0,0,0,0,7450,0,536.8,0,29725.6,0,161.65,0
Cora Malone 4H,01-10-2024,1187.76,1054.95,221.1,16072.42,132.42,1203.3,75.25,0,0,0,383.66,5381.18,0,0,0,26549.12,438.65,612.08,0
Davis B Wilson 2H,01-11-2023,954.32,2430.07,93.4,2137.93,0,464.17,15.92,74.75,0,0,116.91,1629.92,0,495.14,0,14608.54,0,96.03,0
Davis B Wilson 2H,01-12-2023,954.32,1631.25,92.14,2161.67,56.8,472.04,0,50.64,110.92,0,501.68,392.1,0,442.68,1701.4,8656.3,10.63,102.73,0
Davis B Wilson 2H,01-01-2024,954.32,635.03,109.39,2461.5,20.1,524.69,16.35,94.04,0,0,0,778.95,0,0,0,6040.38,7.7,327.15,0
Davis B Wilson 2H,01-02-2024,954.32,1682.82,90.89,2133.55,72.34,512.88,110.51,96.45,0,21.44,24.04,65.08,0,671.34,0,6662.65,18.29,37.62,0
Davis B Wilson 2H,01-03-2024,954.32,966.13,90.89,1504.63,13.65,710.16,0,74.75,0,11.55,0,1051.51,2.46,201.31,0,3588.69,0,-6.84,0
Davis B Wilson 2H,01-04-2024,954.32,1093.2,90.89,2248.29,67.89,499.75,50.45,86.82,26.96,0,0,380.63,0,0,0,5574.48,7.7,-27.22,0
Davis B Wilson 2H,01-05-2024,954.32,0,90.89,2389.3,21.14,506.18,26.49,72.59,0,0,0,83.42,0,0,0,6547.07,0,79.74,2323
Davis B Wilson 2H,01-06-2024,954.4,643.51,90.89,2659.08,0,563.74,32.4,65.14,0,0,223.48,137.87,11.01,0,0,3643.49,87.39,51.28,0
Davis B Wilson 2H,01-07-2024,954.4,1370.91,100.08,2351.12,14.52,576.04,13.32,65.14,0,0,238.63,953.31,0,408.64,0,16749.87,0,148.82,8496.78
Davis B Wilson 2H,01-08-2024,954.4,970.69,101.47,2020.08,0,811.31,96.75,36.19,0,0,29.39,121.2,0,0,0,5907.77,0,76.27,0
Davis B Wilson 2H,01-09-2024,954.4,774.15,100.08,511.61,81.7,540.29,37.09,53.08,0,0,207.7,104.77,0,0,0,4688.58,0,73.16,0
Davis B Wilson 2H,01-10-2024,954.4,1443.23,100.08,3758.69,40.92,544.66,34.05,32.43,0,0,0,182.6,0,0,0,8107.03,0,277.05,0
Davis B Wilson 3H,01-11-2023,976.8,2784.07,106.96,1153.71,0,531.64,18.2,85.64,0,0,133.93,1867.25,0,567.25,0,15323.9,0,109.98,0
Davis B Wilson 3H,01-12-2023,976.8,1455.07,105.53,143.54,65.07,540.66,0,58.01,127.07,0,0,449.21,0,507.14,1938.51,6468.17,12.17,117.66,0
Davis B Wilson 3H,01-01-2024,976.8,727.53,125.28,2418.86,23.03,600.95,18.69,107.74,0,0,0,2104.3,0,0,0,7614.03,8.83,374.69,0
Davis B Wilson 3H,01-02-2024,976.8,1927.96,104.1,1177.19,82.87,587.42,126.56,110.5,0,24.55,27.55,74.15,0,769.14,0,6248.77,20.96,43.05,0
Davis B Wilson 3H,01-03-2024,976.8,727.53,104.1,1230.43,15.63,813.37,0,85.64,0,13.24,0,1204.68,2.83,216.79,0,5316.98,0,-7.89,0
Davis B Wilson 3H,01-04-2024,976.8,1252.45,104.1,1219.35,77.77,572.37,57.73,99.48,30.88,0,0,97.99,0,0,0,4575.11,8.83,-31.2,0
Davis B Wilson 3H,01-05-2024,976.8,0,104.1,1258.83,24.23,579.75,30.28,83.17,0,0,0,95.54,0,0,0,5824.22,0,91.27,2661.38
Davis B Wilson 3H,01-06-2024,976.64,736.21,104.1,1483.35,0,642.41,36.7,74.52,0,0,255.68,157.3,12.56,0,0,4926.49,100.02,58.51,0
Davis B Wilson 3H,01-07-2024,976.64,879.67,114.04,1117.78,16.61,656.42,15.18,74.52,0,0,273.01,1090.3,0,467.51,0,7057.1,0,169.58,0
Davis B Wilson 3H,01-08-2024,976.64,766.16,115.63,1061.89,0,924.51,110.26,41.4,0,0,33.62,138.11,0,0,0,5265.1,0,86.92,0
Davis B Wilson 3H,01-09-2024,976.64,885.66,114.04,1168.15,93.1,615.68,42.25,60.72,0,0,237.62,119.38,0,0,0,5821.62,0,83.37,0
Davis B Wilson 3H,01-10-2024,976.64,1134.59,114.04,1186.67,46.7,620.65,38.81,37.11,0,0,0,208.09,0,0,0,5521.16,0,315.73,0
Davis B Wilson 4H,01-11-2023,997.44,3410.08,119.49,3881.5,0,593.92,20.36,95.63,0,0,149.57,2085.36,0,633.5,0,19914.2,0,122.89,0
Davis B Wilson 4H,01-12-2023,997.44,1624.93,117.89,3887.9,72.67,603.99,0,64.78,141.91,0,0,501.7,0,566.36,1855.71,10548.74,13.6,131.46,0
Davis B Wilson 4H,01-01-2024,997.44,849.52,139.96,4477.69,25.71,671.35,20.91,120.31,0,0,0,996.6,0,0,0,8870.15,9.85,418.57,0
Davis B Wilson 4H,01-02-2024,997.44,2755.03,116.29,3906.97,92.55,656.24,141.4,123.4,0,27.43,30.77,82.49,0,858.93,0,10079.35,23.4,48.1,0
Davis B Wilson 4H,01-03-2024,997.44,1143.56,116.29,2786.21,17.45,908.64,0,95.63,0,14.78,0,1345.33,3.15,231.02,0,3915.61,0,-8.79,0
Davis B Wilson 4H,01-04-2024,997.44,1759.87,116.29,4104.54,86.87,639.42,64.54,111.08,34.5,0,0,109.41,0,0,0,8120.23,9.85,-34.86,0
Davis B Wilson 4H,01-05-2024,997.44,0,116.29,4316.86,27.04,647.67,33.78,92.88,0,0,0,393.25,0,0,0,9699.29,0,102,2972.08
Davis B Wilson 4H,01-06-2024,997.6,1449.56,116.29,4688.1,0,721.07,40.99,83.36,0,0,286.01,176.36,14.09,0,0,5029.29,111.8,65.6,0
Davis B Wilson 4H,01-07-2024,997.6,1719.02,128.01,4261.5,18.58,736.79,17.01,83.36,0,0,305.39,1219.99,0,522.98,0,15225.98,0,190.36,3671.91
Davis B Wilson 4H,01-08-2024,997.6,857.06,129.8,3648.91,0,1037.73,123.76,46.31,0,0,37.6,155.03,0,0,0,7892.19,0,97.57,0
Davis B Wilson 4H,01-09-2024,997.6,1472.36,128.01,890.61,104.5,691.07,47.43,67.92,0,0,265.81,133.98,0,0,0,6492.39,0,93.59,0
Davis B Wilson 4H,01-10-2024,997.6,1269.2,128.01,6679.21,52.35,696.65,43.56,41.51,0,0,0,233.58,0,0,0,11441.18,0,354.36,0
Davis B Wilson 5H,01-11-2023,1071.44,5297.76,164.26,7584.89,0,816.39,27.96,131.48,0,0,205.63,2866.88,0,870.93,0,29935.97,0,168.89,0
Davis B Wilson 5H,01-12-2023,1071.44,2233.95,162.06,7906.66,99.9,830.23,0,89.07,195.1,0,0,2528.04,0,778.63,2916.38,18967.42,18.7,180.69,0
Davis B Wilson 5H,01-01-2024,1071.44,1116.98,192.4,8300.1,35.36,922.83,28.72,165.41,0,0,0,1370.09,0,0,0,13987.76,13.55,575.37,0
Davis B Wilson 5H,01-02-2024,1071.44,2959.99,159.86,7784.53,127.24,902.05,194.35,169.65,0,37.71,42.29,112.46,0,1180.85,0,15141.64,32.18,66.13,0
Davis B Wilson 5H,01-03-2024,1071.44,1891.57,159.86,5565.61,24,1249.02,0,131.48,0,20.32,0,1849.52,4.34,281.99,0,4653.61,0,-12.08,0
Davis B Wilson 5H,01-04-2024,1071.44,2404.48,159.86,8188.51,119.42,878.95,88.68,152.72,47.41,0,0,150.47,0,0,0,13394.29,13.55,-47.9,0
Davis B Wilson 5H,01-05-2024,1071.44,541.8,159.86,8722.48,37.2,890.27,46.28,127.69,0,0,0,146.71,0,0,0,15969.96,0,140.21,4086.02
Davis B Wilson 5H,01-06-2024,1071.36,1341.68,159.86,9624.21,0,989.83,55.7,114.48,0,0,392.78,242.16,19.34,0,0,6431.02,153.66,90.05,0
Davis B Wilson 5H,01-07-2024,1071.36,1351.37,175.71,8624.37,25.52,1011.43,23.37,114.48,0,0,419.4,1675.35,0,718.19,0,17329.81,0,261.31,0
Davis B Wilson 5H,01-08-2024,1071.36,1778.99,178.17,7331.73,0,1424.5,169.88,63.6,0,0,51.65,212.8,0,0,0,13210.77,0,133.94,0
Davis B Wilson 5H,01-09-2024,1071.36,1912.08,175.71,1828.32,143.45,948.65,65.1,93.28,0,0,365.04,183.92,0,0,0,9111.1,0,128.47,0
Davis B Wilson 5H,01-10-2024,1071.36,2421.56,175.71,13608.66,71.88,956.31,59.81,57,0,0,0,320.62,0,0,0,20526.84,0,486.47,0
Floy Gray 1H,01-11-2023,962.41,2130.72,302.31,2514.99,0,1502.53,51.44,106.58,93.39,0,517.83,1049.47,0,223.1,500,23669.35,0,310.87,0
Floy Gray 1H,01-12-2023,962.41,1050.91,298.26,2695.4,43.3,1528.02,0,119.27,213.16,0,87.97,651.7,0,156.01,500,8710.16,151.14,332.53,0
Floy Gray 1H,01-01-2024,962.41,1606.38,354.09,2924.24,86.62,1698.43,52.84,88.82,0,0,1269.54,439.86,0,1077.12,500,13282.62,803.49,1058.92,0
Floy Gray 1H,01-02-2024,962.41,1024.41,294.21,2537.64,76.13,1660.2,357.71,137.04,0,69.39,33.6,118.39,0,0,500,8708.89,262.23,121.7,0
Floy Gray 1H,01-03-2024,962.41,1160.84,294.21,1907.45,281.84,2298.77,0,101.5,0,37.41,0,413.4,7.99,69.39,500,8087.4,101.51,-22.22,0
Floy Gray 1H,01-04-2024,962.41,1326.39,294.21,2615.94,168.58,1617.66,163.18,105.08,87.27,0,0,248.47,0,153.44,500,8714.6,253.32,-88.19,0
Floy Gray 1H,01-05-2024,962.41,1793,294.21,2734.01,44.25,1638.51,84.83,87.86,0,0,0,269.98,0,439.51,500,9106.59,0,258.02,0
Floy Gray 1H,01-06-2024,942.16,1700.01,294.21,3010.91,0,1294.64,72.38,84.41,0,0,166.74,357.84,25.3,533.37,500,13036.28,123.41,128.44,3287.2
Floy Gray 1H,01-07-2024,942.16,950.79,229.83,2712.37,20.39,1322.88,30.6,104.4,0,0,50.27,1063.91,0,0,500,10810.56,111.06,341.78,0
Floy Gray 1H,01-08-2024,942.16,1186.97,233.03,2293.82,0,1863.18,222.2,39.98,0,0,40.9,332.73,0,0,500,10037.19,177.7,175.19,0
Floy Gray 1H,01-09-2024,942.16,755.33,229.83,2488.09,187.63,1240.78,85.16,64.42,0,0,560.09,294.78,0,61.56,500,10495.49,0,168.02,0
Floy Gray 1H,01-10-2024,942.16,935.06,229.83,2434.42,103.53,1250.8,78.21,43.44,0,0,41.88,1579.49,0,281.6,500,14050.46,0,636.25,3355.61
Floy Gray 2H,01-11-2023,869.63,611.1,129.61,2275.28,0,644.2,22.08,45.7,40.04,0,222.02,449.95,0,95.65,500,18833.63,0,133.26,0
Floy Gray 2H,01-12-2023,869.63,450.56,127.87,2487.56,18.56,655.13,0,51.14,91.4,0,37.72,279.42,0,66.88,500,5808.95,64.8,142.56,0
Floy Gray 2H,01-01-2024,869.63,985.37,151.81,2688.98,37.14,728.19,22.68,38.08,0,0,544.3,188.12,0,461.8,500,8168.87,344.5,454.01,0
Floy Gray 2H,01-02-2024,869.63,439.2,126.14,2288.35,32.64,711.8,153.36,58.75,0,29.75,14.4,46.56,0,0,500,5672.63,112.44,52.18,0
Floy Gray 2H,01-03-2024,869.63,497.69,126.14,1697.33,120.82,985.58,0,43.52,0,16.03,0,177.24,3.42,29.75,500,4802.9,43.52,-9.52,0
Floy Gray 2H,01-04-2024,869.63,568.68,126.14,2529.29,72.28,693.56,70,45.06,37.42,0,0,106.53,0,65.78,500,5886.73,108.61,-37.8,0
Floy Gray 2H,01-05-2024,869.63,768.76,126.14,2705.44,18.96,702.5,36.6,37.67,0,0,0,385.47,0,188.43,500,6450.21,0,110.61,0
Floy Gray 2H,01-06-2024,860.96,728.98,126.14,2918.29,0,553.92,31.86,36.2,0,0,71.5,153.22,10.83,228.72,500,7641.14,52.89,54.98,1409.6
Floy Gray 2H,01-07-2024,860.96,407.71,98.33,2566.66,8.75,566,13.08,44.77,0,0,21.56,106.56,0,0,500,6427.97,47.63,146.24,0
Floy Gray 2H,01-08-2024,860.96,354.11,99.7,2240.41,0,797.16,95.06,17.15,0,0,17.55,142.4,0,0,500,6114.62,76.2,74.93,0
Floy Gray 2H,01-09-2024,860.96,323.9,98.33,2385.75,80.27,530.87,36.44,27.62,0,0,240.18,126.21,0,26.39,500,6557.16,0,71.88,0
Floy Gray 2H,01-10-2024,860.96,400.97,98.33,2299.97,44.34,535.15,33.47,18.63,0,0,17.96,676.9,0,120.76,500,8019.47,0,272.22,1438.92
Floyd Tiller 10H,01-11-2023,1100.97,1044.75,222.73,15758.57,0,1107.05,37.92,277.46,0,0,57.72,455.52,0,164.38,0,34989.65,0,229.06,0
Floyd Tiller 10H,01-12-2023,1100.97,1535.7,219.75,2410.22,43.17,1125.83,0,178.7,0,0,0,257.31,0,114.94,0,7198.09,25.36,245.03,0
Floyd Tiller 10H,01-01-2024,1100.97,1534.4,260.89,32142.86,43.21,1251.38,38.95,362.11,0,0,833.66,357.71,0,0,0,38989.87,18.37,780.23,0
Floyd Tiller 10H,01-02-2024,1100.97,1209.72,216.77,16541.91,141.08,1223.21,263.56,348,0,51.13,16.15,144.09,0,0,0,21797.95,43.63,89.68,0
Floyd Tiller 10H,01-03-2024,1100.97,1421.68,216.77,17525.87,26.81,1693.7,0,258.65,0,27.55,0,152.54,5.89,383.14,0,19679.72,0,-16.38,0
Floyd Tiller 10H,01-04-2024,1100.97,1751.82,216.77,17535.1,137.29,1191.88,120.25,279.41,64.3,0,261.77,451.35,0,0,0,23478.49,206.48,-64.96,0
Floyd Tiller 10H,01-05-2024,1100.97,3390.16,216.77,18484.74,44.7,1207.24,62.61,233.61,0,0,1173.78,867.07,0,0,0,26030.08,188.11,190.11,0
Floyd Tiller 10H,01-06-2024,1068.8,1461.86,216.77,21020.3,0,970.17,54.63,114.24,0,0,190.83,413.29,18.96,0,0,22622.23,25.9,95.79,0
Floyd Tiller 10H,01-07-2024,1068.8,1172.54,172.23,17373.97,25.86,991.33,22.89,277.2,0,0,0,340.27,0,0,0,23522.26,0,256.11,0
Floyd Tiller 10H,01-08-2024,1068.8,1528.63,174.63,16265.69,0,1396.2,166.51,92.4,0,0,0,208.58,0,308.75,0,22547.38,0,131.25,0
Floyd Tiller 10H,01-09-2024,1068.8,1188.83,172.23,17277.08,140.6,929.8,63.81,169.26,0,0,382.16,180.29,0,0,0,24102.87,0,125.92,0
Floyd Tiller 10H,01-10-2024,1068.8,909.56,172.23,17723.07,71.51,937.31,58.62,128.34,0,0,0,314.27,0,0,0,23088.09,0,476.78,0
Floyd Tiller 12H,01-11-2023,850.56,627.01,37.42,2929.75,0,185.96,6.36,46.61,0,0,9.7,76.52,0,27.61,0,7277.36,0,38.46,0
Floyd Tiller 12H,01-12-2023,850.56,658.99,36.92,458.86,7.25,189.11,0,30.02,0,0,0,43.25,0,19.31,0,2329.8,4.26,41.15,0
Floyd Tiller 12H,01-01-2024,850.56,257.75,43.83,6100.71,7.26,210.21,6.53,60.83,0,0,140.04,60.08,0,0,0,7916.48,3.09,131.05,0
Floyd Tiller 12H,01-02-2024,850.56,203.21,36.41,3213.99,23.7,205.47,44.27,58.46,0,8.59,2.71,26.42,0,0,0,4764.73,7.33,15.06,0
Floyd Tiller 12H,01-03-2024,850.56,238.82,36.41,3388.7,4.51,284.51,0,43.45,0,4.63,0,25.61,0.99,143.4,0,4401.9,0,-2.76,0
Floyd Tiller 12H,01-04-2024,850.56,294.27,36.41,3379.51,23.06,200.21,20.19,46.93,10.8,0,43.97,75.79,0,0,0,5043.46,34.69,-10.9,0
Floyd Tiller 12H,01-05-2024,850.56,569.5,36.41,3613.04,7.51,202.79,10.85,39.24,0,0,197.17,145.65,0,0,0,5518.52,31.6,31.94,0
Floyd Tiller 12H,01-06-2024,845.12,871.4,36.41,3989.74,0,163.88,10.52,19.17,0,0,32.03,69.6,3.2,0,0,5450.47,4.37,16.14,0
Floyd Tiller 12H,01-07-2024,845.12,196.82,29.09,3320.96,4.34,167.45,3.87,46.52,0,0,0,57.26,0,0,0,5022.29,0,43.26,0
Floyd Tiller 12H,01-08-2024,845.12,708.09,29.5,3034.52,0,235.85,28.13,15.51,0,0,0,35.23,0,51.83,0,5200.53,0,22.2,0
Floyd Tiller 12H,01-09-2024,845.12,199.56,29.09,3301.27,23.75,157.06,10.79,28.41,0,0,64.15,30.43,0,0,0,5116.74,0,21.28,0
Floyd Tiller 12H,01-10-2024,845.12,152.67,29.09,3403.34,12.06,158.33,9.9,21.54,0,0,0,53.08,0,0,0,4973.02,0,80.53,0
Floyd Tiller 1H,01-11-2023,81.6,0,27.85,0,0,138.44,4.76,61.21,0,0,71.29,56.96,122.4,134.8,0,1413.67,0,28.64,0
Floyd Tiller 1H,01-12-2023,81.6,195.23,27.48,0,187.35,140.79,0,25.79,0,0,0,32.19,0,14.38,0,794.23,3.17,30.66,0
Floyd Tiller 1H,01-01-2024,81.6,404.73,32.63,0,6.63,156.5,4.88,54.16,0,0,0,36.25,0,0,0,910.42,2.3,97.57,0
Floyd Tiller 1H,01-02-2024,55.02,0,27.11,0,25.79,152.97,32.96,50.72,34.39,6.4,49.55,57.53,0,0,0,560.16,5.46,11.22,0
Floyd Tiller 1H,01-03-2024,855.02,95.74,27.11,0,15.89,211.81,0,38.68,0,3.45,0,37.93,0.74,131.66,0,1469.3,0,-2.06,0
Floyd Tiller 1H,01-04-2024,855.02,0,27.11,0,18.54,149.06,15.05,41.79,8.04,0,0,22.9,0,0,0,1159.95,2.3,-8.12,0
Floyd Tiller 1H,01-05-2024,55.02,0,27.11,0,6.96,150.98,7.77,34.94,0,0,0,24.87,0,0,0,331.43,0,23.78,0
Floyd Tiller 1H,01-06-2024,0,0,27.11,0,0,0,0,0,0,0,0,10.94,0,0,0,41.43,0,3.38,0
Floyd Tiller 1H,01-07-2024,0,0,0,0,0,0,0,0,0,0,0,0,0,0,0,0,0,0,0
Floyd Tiller 1H,01-08-2024,0,0,0,0,0,0,0,0,0,0,0,0,0,0,0,0,0,0,0
Floyd Tiller 1H,01-09-2024,0,0,0,0,0,0,0,0,0,0,0,0,0,0,0,0,0,0,0
Floyd Tiller 1H,01-10-2024,0,0,0,0,0,0,0,0,0,0,0,0,0,0,0,0,0,0,0
Floyd Tiller 3H,01-11-2023,917.51,407.93,86.97,6435.08,0,432.24,14.8,108.33,0,0,22.54,177.85,0,64.18,0,14431.43,0,89.43,0
Floyd Tiller 3H,01-12-2023,917.51,1000.62,85.8,969.21,16.86,439.57,0,69.77,0,0,0,100.48,0,44.88,0,3727.26,9.9,95.65,0
Floyd Tiller 3H,01-01-2024,917.51,599.1,101.86,12955.15,16.88,488.59,15.2,141.38,0,0,325.49,139.68,0,0,0,16116.15,7.18,304.62,0
Floyd Tiller 3H,01-02-2024,917.51,472.33,84.63,6855.9,55.08,477.59,102.9,135.88,0,19.96,6.3,57.89,0,0,0,9397.32,17.03,35.01,0
Floyd Tiller 3H,01-03-2024,917.51,555.09,84.63,7095.69,10.48,661.3,0,100.99,0,10.76,0,59.56,2.3,207.5,0,8397.12,0,-6.39,0
Floyd Tiller 3H,01-04-2024,917.51,1195.69,84.63,7111.9,53.61,465.35,46.96,109.1,25.11,0,102.21,176.22,0,0,0,10431.82,80.63,-25.37,0
Floyd Tiller 3H,01-05-2024,917.51,1323.68,84.63,7530.55,17.46,471.36,24.7,91.21,0,0,458.3,338.56,0,0,0,10947.43,73.45,74.24,0
Floyd Tiller 3H,01-06-2024,937.84,1264.55,84.63,8033.25,0,498.19,28.81,58.58,0,0,97.85,4634.33,9.73,0,0,14539.35,13.3,45.84,0
Floyd Tiller 3H,01-07-2024,937.84,1263.48,88.44,6929.58,13.26,509.06,11.76,142.15,0,0,0,174.6,0,453.16,0,12267.6,0,131.5,0
Floyd Tiller 3H,01-08-2024,937.84,1084.88,89.68,6272.15,0,716.97,85.51,47.38,0,0,0,107.11,0,158.33,0,10222.27,0,67.4,0
Floyd Tiller 3H,01-09-2024,937.84,609.64,88.44,6755.16,72.2,477.46,32.77,86.79,0,0,195.97,92.54,0,0,0,10647.82,0,64.66,0
Floyd Tiller 3H,01-10-2024,937.84,466.42,88.44,7181.56,36.7,481.32,30.1,65.81,0,0,0,161.36,0,0,0,10324.78,0,244.85,0
Floyd Tiller 5H,01-11-2023,856.64,196.58,41.91,1829.72,0,208.32,7.12,52.21,0,0,10.86,166.71,0,30.94,0,6178.78,0,43.09,0
Floyd Tiller 5H,01-12-2023,856.64,689.97,41.36,274.87,8.12,211.85,0,33.63,0,0,0,48.4,0,21.63,0,2226.25,4.77,46.1,0
Floyd Tiller 5H,01-01-2024,856.64,288.73,49.1,3678.7,8.12,235.48,7.32,68.14,0,0,156.87,67.3,0,0,0,5616.54,3.45,146.8,0
Floyd Tiller 5H,01-02-2024,856.64,227.63,40.79,2130.23,26.55,230.18,49.59,65.47,0,9.62,3.04,29.25,0,0,0,3770.86,8.21,16.87,0
Floyd Tiller 5H,01-03-2024,856.64,267.51,40.79,2268.3,5.04,318.7,0,48.67,0,5.18,0,1118.31,1.1,149.22,0,4700.26,0,-3.09,0
Floyd Tiller 5H,01-04-2024,856.64,329.62,40.79,2260.71,25.82,224.28,22.61,52.57,12.1,0,49.25,84.91,0,0,0,4028.45,38.84,-12.23,0
Floyd Tiller 5H,01-05-2024,856.64,637.92,40.79,2413.47,8.41,227.16,12.12,43.96,0,0,220.86,163.13,0,0,0,4549.94,35.39,35.75,0
Floyd Tiller 5H,01-06-2024,867.52,356.5,40.79,2807.61,0,242.54,14.83,28.7,0,0,47.94,89,4.74,0,0,4246.46,6.48,22.27,0
Floyd Tiller 5H,01-07-2024,867.52,294.53,43.06,2240.25,6.5,247.83,5.73,69.63,0,0,0,85.32,0,0,0,4379.68,0,64.04,0
Floyd Tiller 5H,01-08-2024,867.52,684.97,43.66,2109.61,0,349.05,41.64,23.21,0,0,0,52.15,0,77.56,0,4627.46,0,32.83,0
Floyd Tiller 5H,01-09-2024,867.52,298.62,43.06,2309.7,35.15,232.45,15.94,42.52,0,0,96,45.07,0,0,0,4618.84,0,31.48,0
Floyd Tiller 5H,01-10-2024,867.52,228.47,43.06,2454.49,17.92,234.33,14.65,32.24,0,0,0,78.57,0,0,0,4397.34,0,119.18,0
Floyd Tiller 6H,01-11-2023,954.56,897.71,114.38,2274.36,0,568.51,19.48,142.49,0,0,29.65,233.95,0,84.41,0,12900.63,0,117.64,0
Floyd Tiller 6H,01-12-2023,954.56,1189.64,112.85,347.55,22.17,578.16,0,91.77,0,0,0,132.14,0,59.02,0,3596.49,13.02,125.85,0
Floyd Tiller 6H,01-01-2024,954.56,787.97,133.97,4707.3,22.21,642.64,20.01,185.96,0,0,428.12,183.69,0,0,0,8612.72,9.44,400.7,0
Floyd Tiller 6H,01-02-2024,954.56,621.24,111.32,2576.09,72.45,628.17,135.35,178.71,0,26.26,8.3,75.31,0,0,0,5665.76,22.41,46.05,0
Floyd Tiller 6H,01-03-2024,954.56,730.09,111.32,2703.01,13.78,869.79,0,132.82,0,14.15,0,78.33,3.02,242.97,0,5512.52,0,-8.41,0
Floyd Tiller 6H,01-04-2024,954.56,1343.47,111.32,2717.49,70.51,612.08,61.76,143.47,33.02,0,134.42,5988.01,0,0,0,12358.88,106.04,-33.36,0
Floyd Tiller 6H,01-05-2024,954.56,1740.96,111.32,2930.37,22.97,619.97,32.35,119.96,0,0,602.77,804.9,0,0,0,7959.26,96.6,97.62,0
Floyd Tiller 6H,01-06-2024,938,1075.51,111.32,3293.08,0,498.19,28.81,58.65,0,0,97.97,212.23,9.74,0,0,6231.95,13.3,49.2,0
Floyd Tiller 6H,01-07-2024,938,601.98,88.44,2696.41,13.28,509.06,11.76,142.32,0,0,0,174.72,0,0,0,6242.63,0,131.53,0
Floyd Tiller 6H,01-08-2024,938,784.8,89.67,2478.63,0,716.97,85.5,47.44,0,0,0,107.11,0,158.51,0,6222.47,0,67.4,0
Floyd Tiller 6H,01-09-2024,938,610.34,88.44,2658.69,72.2,477.47,32.77,86.9,0,0,196.19,92.58,0,0,0,6552.76,0,64.67,0
Floyd Tiller 6H,01-10-2024,938,466.95,88.44,2791.51,36.71,481.32,30.1,65.88,0,0,0,161.38,0,0,0,5935.55,0,244.87,0
Floyd Tiller 7H,01-11-2023,1359.93,602,191.14,10650.31,0,949.99,32.52,419.94,0,0,489.18,390.9,839.9,924.96,1000,22752.38,0,196.52,0
Floyd Tiller 7H,01-12-2023,1359.93,2001.84,188.57,6763.14,1285.57,966.09,0,176.97,0,0,0,220.81,0,98.64,1000,14674.88,21.76,210.24,0
Floyd Tiller 7H,01-01-2024,1359.93,3680.04,223.87,7238.52,45.48,1073.84,33.41,371.64,0,0,0,248.71,0,0,1000,16188.22,15.76,669.51,0
Floyd Tiller 7H,01-02-2024,1177.54,301,186.02,6657.79,176.97,1049.67,226.16,348.04,235.96,43.87,339.97,397.32,0,0,1000,12604.84,37.44,76.94,0
Floyd Tiller 7H,01-03-2024,1177.54,988.01,186.02,4788,109.05,1453.41,0,265.46,0,23.65,0,260.25,5.05,346.52,1000,5990.76,0,-14.06,0
Floyd Tiller 7H,01-04-2024,1177.54,662.2,186.02,6851.6,127.23,1022.78,103.17,286.76,55.18,0,0,157.12,0,0,1000,11783.61,15.76,-55.75,0
Floyd Tiller 7H,01-05-2024,1177.54,451.5,186.02,7346.38,47.78,1035.96,53.78,239.77,0,0,0,170.68,0,0,1000,11872.56,0,163.15,0
Floyd Tiller 7H,01-06-2024,1285.04,1418.22,186.02,8078.9,0,1071.77,60.18,325.88,0,0,0,275.6,20.94,0,1000,9344.18,28.61,99.13,0
Floyd Tiller 7H,01-07-2024,1285.04,1487.97,190.26,7046.32,46.53,1095.15,25.32,477.47,0,0,0,155.73,0,0,1000,15104.5,0,282.94,0
Floyd Tiller 7H,01-08-2024,1285.04,1063.09,192.92,6268.69,0,1542.43,183.95,227.36,0,0,92.32,230.41,0,0,1000,13759.73,303.15,145.02,0
Floyd Tiller 7H,01-09-2024,1285.04,1117.32,190.26,6357.42,155.33,1027.18,70.5,477.46,0,0,0,199.16,0,1074.6,1000,15470.8,0,139.08,0
Floyd Tiller 7H,01-10-2024,1285.04,790.42,190.26,4822.5,97.26,1035.48,64.75,185.26,0,0,271.02,7039.19,0,4969.21,1000,27619.25,0,526.72,3986
Floyd Tiller 9H,01-11-2023,919.76,415.72,88.63,1699.16,0,440.49,15.12,110.4,0,0,22.97,181.25,0,65.41,0,9833.09,0,91.13,0
Floyd Tiller 9H,01-12-2023,919.76,1062.58,87.44,269.49,17.18,447.97,0,71.11,0,0,0,102.4,0,45.73,0,3107.82,10.08,97.5,0
Floyd Tiller 9H,01-01-2024,919.76,610.55,103.81,3673.42,17.21,497.93,15.52,144.08,0,0,331.72,142.33,0,0,0,6879.58,7.31,310.44,0
Floyd Tiller 9H,01-02-2024,919.76,481.37,86.25,2049.94,56.14,486.72,104.86,138.48,0,20.35,6.42,58.95,0,0,0,4624.65,17.36,35.68,0
Floyd Tiller 9H,01-03-2024,919.76,565.71,86.25,2163.61,10.68,673.93,0,102.92,0,10.97,0,60.7,2.34,209.66,0,10217.09,0,-6.5,5686.54
Floyd Tiller 9H,01-04-2024,919.76,697.05,86.25,2164.17,54.63,474.24,47.89,111.18,25.58,0,104.16,179.57,0,0,0,5010.72,82.16,-25.87,0
Floyd Tiller 9H,01-05-2024,919.76,1348.99,86.25,2297.93,17.8,480.36,25.17,92.96,0,0,467.06,345.06,0,0,0,6092.41,74.85,75.66,0
Floyd Tiller 9H,01-06-2024,942.72,753.58,86.25,2533.1,0,514.58,29.7,60.66,0,0,101.31,188.51,10.06,0,0,5266.97,13.74,47.21,0
Floyd Tiller 9H,01-07-2024,942.72,622.55,91.35,2078.15,13.73,525.8,12.15,147.18,0,0,0,540.23,0,0,0,7128.41,0,135.85,1052.82
Floyd Tiller 9H,01-08-2024,942.72,811.63,92.62,1907.39,0,740.56,88.31,49.06,0,0,0,110.63,0,163.94,0,5762.9,0,69.65,0
Floyd Tiller 9H,01-09-2024,942.72,631.21,91.35,2075.26,74.57,493.17,33.85,89.86,0,0,202.91,95.62,0,0,0,6072.6,0,66.79,0
Floyd Tiller 9H,01-10-2024,942.72,482.93,91.35,2147.04,37.95,497.15,31.08,68.14,0,0,0,166.67,0,0,0,5369.05,0,252.9,0
J.B. Northcutt 2H,01-11-2023,1005.47,1804.3,123.62,6332.83,0,614.44,21.04,179.78,0,0,292.17,400.22,0,116.26,0,15907.02,0,127.12,0
J.B. Northcutt 2H,01-12-2023,1005.47,3205.81,121.96,0,137.35,624.86,0,195.83,0,0,132.81,370.55,0,63.8,0,28091.92,14.07,135.98,22116.13
J.B. Northcutt 2H,01-01-2024,1005.47,3056.07,144.79,14329.88,81.19,694.54,21.61,128.42,0,0,174.53,169.2,0,0,0,24874.27,168.16,433.03,4320.24
J.B. Northcutt 2H,01-02-2024,1005.47,2942.67,120.32,6248.52,96.31,678.91,146.27,218.31,0,28.37,21.26,71.89,0,0,0,11878.75,24.22,49.77,0
J.B. Northcutt 2H,01-03-2024,1005.47,2102.91,120.32,4923.57,44.29,940.04,0,166.94,0,15.3,2020.75,788.01,3.26,28.37,0,12515.24,128.42,-9.08,0
J.B. Northcutt 2H,01-04-2024,1005.47,3153.96,120.32,6464.56,138.4,661.51,66.74,173.4,35.69,0,97.7,632.11,0,0,0,12649.46,10.2,-36.07,0
J.B. Northcutt 2H,01-05-2024,1005.47,1014.61,120.32,7117.62,82.02,670.04,34.94,144.97,0,0,75.47,110.4,0,0,0,9892.11,0,105.51,0
J.B. Northcutt 2H,01-06-2024,950,2287.29,120.32,8100.16,0,547.35,31.5,119.53,0,0,606.55,4776.95,10.69,185.6,0,18305.35,14.61,53.8,0
J.B. Northcutt 2H,01-07-2024,950,428,97.17,6643.04,14.51,559.3,12.93,147.66,225,0,521.9,221.22,0,98.48,0,16903.73,199.22,144.51,5613.36
J.B. Northcutt 2H,01-08-2024,950,1531.6,98.52,6018.7,0,787.72,93.94,44.53,0,0,213.84,117.68,0,620.77,0,11435.4,0,74.05,0
J.B. Northcutt 2H,01-09-2024,950,1039.64,97.17,6845.23,79.33,524.58,35.99,75,0,0,0,101.72,0,0,0,11033.87,0,71.03,0
J.B. Northcutt 2H,01-10-2024,950,1785.91,97.17,6826.57,81.14,528.82,33.07,63.02,0,0,31.58,228.27,0,0,0,11634.05,46.88,269.03,0
J.B. Northcutt 6H,01-11-2023,948.03,1396,89.05,4914.95,0,442.63,15.16,129.53,0,0,210.48,288.32,0,83.75,0,13349.49,0,91.58,0
J.B. Northcutt 6H,01-12-2023,948.03,2402.11,87.86,0,98.96,450.14,0,141.09,0,0,95.68,121.21,0,45.96,0,4475.6,10.14,97.96,0
J.B. Northcutt 6H,01-01-2024,948.03,2201.68,104.3,10762.92,58.5,500.34,15.57,92.51,0,0,125.73,121.89,0,0,0,18582.97,121.13,311.95,3112.42
J.B. Northcutt 6H,01-02-2024,948.03,2119.99,86.67,4961.14,69.39,489.08,105.38,157.27,0,20.45,15.32,52.53,0,0,0,9241.7,17.45,35.85,0
J.B. Northcutt 6H,01-03-2024,948.03,1457.05,86.67,3779.78,31.9,677.19,0,120.28,0,11.02,1455.82,567.7,2.36,20.44,0,9414.73,92.51,-6.55,0
J.B. Northcutt 6H,01-04-2024,948.03,2468.46,86.67,4926.9,99.72,476.55,48.08,124.92,25.71,0,70.38,455.37,0,0,0,9802.54,7.34,-25.98,0
J.B. Northcutt 6H,01-05-2024,948.03,730.95,86.67,5370.94,59.09,482.69,25.29,104.44,0,0,54.37,79.53,0,0,0,7556.84,0,76,0
J.B. Northcutt 6H,01-06-2024,907.84,1476.09,86.67,6199.18,0,393.31,23.07,85.93,0,0,436.07,1288.66,7.68,133.44,0,11447.12,10.5,38.68,0
J.B. Northcutt 6H,01-07-2024,907.84,307.7,69.82,5053.61,10.44,401.89,9.3,106.15,161.76,0,375.2,158.98,0,70.8,0,12654.43,143.22,103.82,4035.63
J.B. Northcutt 6H,01-08-2024,907.84,1484.76,70.79,4539.91,0,566.03,67.5,32.01,0,0,153.73,84.56,0,446.29,0,9041.9,0,53.22,0
J.B. Northcutt 6H,01-09-2024,907.84,747.44,69.82,5080.46,57,376.94,25.88,53.92,0,0,0,73.1,0,0,0,8315.92,0,51.03,0
J.B. Northcutt 6H,01-10-2024,907.84,1247.61,69.82,5047.5,58.32,379.99,23.76,45.31,0,0,22.71,164.04,0,0,0,8691.59,33.7,193.32,0
J.B. Northcutt A 3H,01-11-2023,892.09,937.46,55.41,2848.77,0,275.38,9.44,80.58,0,0,130.94,179.37,0,52.11,0,8992.65,0,56.97,0
J.B. Northcutt A 3H,01-12-2023,892.09,1288.49,54.67,0,61.55,280.05,0,87.78,0,0,59.53,75.37,0,28.59,0,2880.71,6.3,60.94,0
J.B. Northcutt A 3H,01-01-2024,892.09,1369.78,64.91,6487.05,36.38,311.29,9.7,57.56,0,0,78.23,75.83,703.63,1851.09,0,14209.32,75.36,194.08,1936.38
J.B. Northcutt A 3H,01-02-2024,892.09,1318.94,53.92,2889.04,43.17,304.28,65.56,97.85,0,12.72,9.52,33.7,0,0,0,5855.46,10.85,22.31,0
J.B. Northcutt A 3H,01-03-2024,892.09,794.15,53.92,2230.36,19.84,421.32,0,74.82,0,6.85,905.72,353.19,1.46,12.72,0,6176.01,307.56,-4.08,0
J.B. Northcutt A 3H,01-04-2024,892.09,1460.21,53.92,3384.05,62.02,296.49,29.92,77.73,15.99,0,43.79,283.32,0,0,0,6644.18,4.57,-16.16,0
J.B. Northcutt A 3H,01-05-2024,892.09,454.75,53.92,3801.44,36.75,300.3,15.88,64.99,0,0,33.82,49.5,0,0,0,5443.28,0,47.28,0
J.B. Northcutt A 3H,01-06-2024,910.8,1103.55,53.92,3959.67,0,406.43,23.79,88.3,0,0,448.06,832.02,7.95,137.1,0,8389.95,10.85,35.51,0
J.B. Northcutt A 3H,01-07-2024,910.8,918.15,72.15,3160.71,10.72,415.29,9.6,109.07,166.2,0,385.52,163.68,0,72.74,0,11558.33,147.16,107.29,4146.4
J.B. Northcutt A 3H,01-08-2024,910.8,1100.4,73.16,2816.24,0,584.9,69.76,32.9,0,0,157.97,87.37,0,458.52,0,7003.43,0,54.99,0
J.B. Northcutt A 3H,01-09-2024,910.8,767.94,72.15,3619.08,58.9,389.52,26.73,55.4,0,0,0,75.52,0,0,0,6930.33,0,52.75,0
J.B. Northcutt A 3H,01-10-2024,910.8,1179.16,72.15,3662.5,60.05,392.66,24.55,46.55,0,0,23.33,169.28,0,0,0,7289.61,34.62,199.7,0
J.L. New 1H,01-11-2023,1060.64,1658.17,210.91,2404.66,0,1048.24,203.11,114.03,0,0,73.27,823.77,0,627.81,1000,30646.9,0,216.87,0
J.L. New 1H,01-12-2023,1060.64,1913.28,208.08,0,44.08,1066.02,0,57.02,0,0,0,2405.81,0,108.83,1000,8064.02,24.01,232,0
J.L. New 1H,01-01-2024,1060.64,1941.62,247.04,5581.03,39.92,1184.91,36.86,87.16,0,0,262.77,274.42,0,0,1000,12723.61,17.4,738.78,0
J.L. New 1H,01-02-2024,1060.64,1473.93,205.25,2449.72,122.18,1158.23,249.55,81.45,0,48.41,232.79,410.35,0,0,1000,9005.11,41.31,84.92,0
J.L. New 1H,01-03-2024,1060.64,1451.94,205.25,1840.32,23.68,1603.73,0,24.44,0,26.09,0,144.42,5.57,521.21,1000,8295.55,0,-15.52,0
J.L. New 1H,01-04-2024,1060.64,1981.36,205.25,2415.49,134.63,1128.56,113.85,65.99,60.89,0,0,173.38,0,471.73,1000,7090.69,261.75,-61.52,0
J.L. New 1H,01-05-2024,1060.64,2437.66,205.25,2730.18,46.97,1143.11,59.29,55.17,0,0,0,188.36,0,0,1000,15523.89,0,180.02,0
J.L. New 1H,01-06-2024,1068.56,2328.48,205.25,3069.39,0,1170.09,65.57,75.53,0,0,0,292.08,22.87,0,1000,10508.55,31.24,108.49,0
J.L. New 1H,01-07-2024,1068.56,1874.87,207.72,2587.66,0,1195.62,27.63,88.13,0,0,0,281.47,0,0,1000,10503.24,0,308.89,0
J.L. New 1H,01-08-2024,1068.56,1242.09,210.62,2287.4,0,1683.93,200.83,25.18,0,0,1063.01,414.68,0,0,1000,10624.79,0,158.32,0
J.L. New 1H,01-09-2024,1068.56,1660.75,207.72,2478.14,169.57,1121.42,76.96,50.36,0,0,319.48,217.41,0,0,1000,11016.07,0,151.86,0
J.L. New 1H,01-10-2024,1068.56,552.73,207.72,2674.93,95.9,1130.47,70.7,41.03,0,0,0,996.81,0,485.64,1000,10112.74,0,575.06,0
Mary B Johnson 1BH,01-11-2023,903.49,371.37,192.62,1802.4,0,957.37,32.8,67.91,59.5,0,329.94,668.68,0,142.16,500,12578.77,0,198.07,0
Mary B Johnson 1BH,01-12-2023,903.49,669.6,190.04,2024.77,27.58,973.6,0,75.99,135.82,0,56.05,559.6,0,99.4,500,6473.16,96.3,211.87,0
Mary B Johnson 1BH,01-01-2024,903.49,943.89,225.61,2179.49,55.2,1082.18,33.69,56.59,0,0,808.9,250.65,1331.48,686.3,500,10473.38,511.94,674.71,0
Mary B Johnson 1BH,01-02-2024,903.49,652.72,187.46,1827.97,48.51,1057.83,227.92,87.31,0,44.22,21.42,67.9,0,0,500,6224.23,167.09,77.53,0
Mary B Johnson 1BH,01-03-2024,903.49,739.65,187.46,1210.04,179.57,1464.71,0,64.68,0,23.84,0,263.41,5.09,44.21,500,5511.07,64.67,-14.16,0
Mary B Johnson 1BH,01-04-2024,903.49,845.13,187.46,2042.63,107.41,1030.72,104.01,66.96,55.6,0,0,158.32,0,97.76,500,6400.21,161.4,-56.19,0
Mary B Johnson 1BH,01-05-2024,903.49,1142.42,187.46,1851.08,28.19,1044.01,54.2,55.98,0,0,0,172.04,0,280.04,500,6383.33,0,164.42,0
Mary B Johnson 1BH,01-06-2024,907.68,1462.17,187.46,2414.21,0,980,55.16,63.93,0,0,126.3,258.33,19.15,404.01,500,10405.14,93.46,92.83,2489.91
Mary B Johnson 1BH,01-07-2024,907.68,870.67,173.97,2066.68,15.44,1001.37,23.13,79.08,0,0,38.08,188.47,0,0,500,8046.92,84.12,258.73,0
Mary B Johnson 1BH,01-08-2024,907.68,625.48,176.4,1805.06,0,1410.36,168.19,30.28,0,0,30.98,251.9,0,0,500,7706.03,134.6,132.61,0
Mary B Johnson 1BH,01-09-2024,907.68,812.92,173.97,1854.45,142.03,939.22,64.46,48.79,0,0,424.25,223.2,0,46.63,500,8473.37,0,127.2,0
Mary B Johnson 1BH,01-10-2024,907.68,708.27,173.97,1861.33,78.37,946.81,59.2,32.9,0,0,31.73,1196.18,0,213.3,500,10973.12,0,481.62,2541.73
Mary B Johnson 4H,01-11-2023,850.53,542.56,94.06,4363.63,0,467.52,16.04,33.16,29.05,0,161.11,326.56,0,69.42,500,13555.53,0,96.72,0
Mary B Johnson 4H,01-12-2023,850.53,688.18,92.81,4953.52,13.47,475.45,0,37.12,66.32,0,27.37,347.14,0,499.94,500,8677.52,47.03,103.49,0
Mary B Johnson 4H,01-01-2024,850.53,387.44,110.18,5450.68,26.94,528.48,16.46,27.64,0,0,395.01,122.38,0,335.14,500,9442.38,250.01,329.5,0
Mary B Johnson 4H,01-02-2024,850.53,318.75,91.55,4731.36,23.69,516.58,111.3,42.64,0,21.59,10.46,34.51,0,0,500,7544.76,81.59,37.87,0
Mary B Johnson 4H,01-03-2024,850.53,361.19,91.55,3400.62,87.7,715.27,0,31.58,0,11.63,0,128.62,2.48,21.59,500,2628.59,31.59,-6.91,0
Mary B Johnson 4H,01-04-2024,850.53,1114.71,91.55,4967.27,52.46,503.35,50.81,32.69,27.16,0,0,77.3,0,47.75,500,8462.45,78.83,-27.43,0
Mary B Johnson 4H,01-05-2024,850.53,557.9,91.55,5362.16,13.77,509.83,26.69,27.34,0,0,0,84.01,0,136.74,500,8240.79,0,80.27,0
Mary B Johnson 4H,01-06-2024,852.64,1231.49,91.55,5994.75,0,478.53,27.74,31.26,0,0,61.73,126.16,9.35,197.5,500,7171.79,45.68,45.31,1217.21
Mary B Johnson 4H,01-07-2024,852.64,1014.26,84.95,5235.55,7.55,488.97,11.31,38.66,0,0,18.62,92.08,0,0,500,9410.27,41.13,126.33,0
Mary B Johnson 4H,01-08-2024,852.64,305.77,86.13,4226.37,0,688.67,82.13,14.81,0,0,15.15,123.01,0,0,500,7413.15,65.8,64.75,0
Mary B Johnson 4H,01-09-2024,852.64,521.12,84.95,4606.45,69.35,458.62,31.48,23.85,0,0,207.4,108.97,0,22.79,500,8628.16,0,62.1,0
Mary B Johnson 4H,01-10-2024,852.64,1024.83,84.95,4433.68,38.3,462.32,28.92,16.08,0,0,15.51,584.57,0,104.27,500,10229.3,0,235.2,1242.53
Mary B Johnson 5H,01-11-2023,846.34,166.29,86.25,3704.12,0,428.68,14.68,30.41,26.65,0,147.76,299.4,0,63.65,500,12380.57,0,88.71,0
Mary B Johnson 5H,01-12-2023,846.34,299.84,85.09,3918.29,12.35,435.96,0,34.02,60.82,0,25.1,185.92,0,44.51,500,6563.44,43.13,94.89,0
Mary B Johnson 5H,01-01-2024,846.34,1039.35,101.02,4367.93,24.72,484.57,15.08,25.34,0,0,362.21,112.25,0,307.32,500,8820.15,229.25,302.12,0
Mary B Johnson 5H,01-02-2024,846.34,292.27,83.94,3989.96,21.72,473.66,102.06,39.1,0,19.8,9.58,31.89,0,0,500,6677.86,74.82,34.72,0
Mary B Johnson 5H,01-03-2024,846.34,331.19,83.94,2986.74,80.4,655.86,0,28.96,0,10.67,0,117.95,2.28,19.8,500,4772.8,28.96,-6.35,0
Mary B Johnson 5H,01-04-2024,846.34,378.43,83.94,4058,48.1,461.53,46.56,29.99,24.9,0,0,70.91,0,43.77,500,2721.89,72.28,-25.13,-4005.26
Mary B Johnson 5H,01-05-2024,846.34,511.57,83.94,4880.17,12.63,467.48,24.49,25.07,0,0,0,77.02,0,125.4,500,7627.74,0,73.63,0
Mary B Johnson 5H,01-06-2024,848.24,1004.94,83.94,4549.46,0,439.19,25.58,28.64,0,0,56.58,115.74,8.58,181,500,8250.06,41.87,41.6,1115.47
Mary B Johnson 5H,01-07-2024,848.24,984.84,77.96,4275.87,6.92,448.77,10.38,35.42,0,0,17.06,84.44,0,0,500,8267.94,37.69,115.95,0
Mary B Johnson 5H,01-08-2024,848.24,782.89,79.06,3610.18,0,632.06,75.38,13.57,0,0,13.88,112.87,0,0,500,7387.29,60.3,59.42,0
Mary B Johnson 5H,01-09-2024,848.24,467.01,77.96,3874.91,63.65,420.92,28.88,21.86,0,0,190.05,100,0,20.89,500,7661.16,0,57,0
Mary B Johnson 5H,01-10-2024,848.24,317.3,77.96,3732.3,35.12,424.32,26.53,14.74,0,0,14.21,535.94,0,95.56,500,8532.43,0,215.79,1138.68
Mary B Johnson 6H,01-11-2023,902.75,669.74,191.25,7669.66,0,950.56,32.56,67.43,59.08,0,327.59,663.95,0,141.15,1500,33137.39,0,196.64,13417.39
Mary B Johnson 6H,01-12-2023,902.75,1065.84,188.69,7710.4,27.39,966.68,0,75.45,134.86,0,55.65,412.28,0,912.14,1500,14207.53,95.61,210.36,0
Mary B Johnson 6H,01-01-2024,902.75,787.75,224.02,8234.72,54.8,1074.49,33.45,56.19,0,0,803.17,248.84,0,681.42,1500,16007.49,508.32,669.92,0
Mary B Johnson 6H,01-02-2024,902.75,648.08,186.13,7722.29,48.16,1050.31,226.29,86.69,0,43.9,21.26,67.44,0,0,1500,13096.54,165.89,76.99,0
Mary B Johnson 6H,01-03-2024,902.75,1246.1,186.13,5699.17,178.3,1454.28,0,64.22,0,23.67,0,261.53,5.05,43.9,1500,6832.19,64.22,-14.05,0
Mary B Johnson 6H,01-04-2024,902.75,1501.34,186.13,7957.52,106.65,1023.39,103.25,66.47,55.21,0,0,157.18,0,660.71,1500,14519.16,160.26,-55.81,0
Mary B Johnson 6H,01-05-2024,902.75,2516.23,186.13,8545.4,27.99,1036.58,53.82,55.58,0,0,0,170.81,0,278.05,1500,15436.58,0,163.24,0
Mary B Johnson 6H,01-06-2024,887.84,2265.14,186.13,8073.36,0,799.74,45.3,52.15,0,0,103.03,222.61,15.63,329.56,1500,11708,76.25,79.88,2031.15
Mary B Johnson 6H,01-07-2024,887.84,1322.49,141.97,8397.52,12.6,817.18,18.87,64.51,150,0,31.06,153.82,0,0,1500,19972.77,68.62,211.11,4694.05
Mary B Johnson 6H,01-08-2024,887.84,1112.25,143.95,6591.64,0,1150.93,137.26,24.7,0,0,25.27,205.55,0,0,1500,12764.51,109.8,108.2,0
Mary B Johnson 6H,01-09-2024,887.84,647.32,141.97,7362.92,115.9,766.46,52.6,39.81,0,0,1277.15,182.11,0,38.03,1500,14918.16,0,103.78,0
Mary B Johnson 6H,01-10-2024,887.84,1029.28,141.97,6790.09,63.97,772.65,48.32,26.84,0,0,647.03,975.89,0,174,1500,16536.26,0,393.05,2073.41
Mary B Johnson 7H,01-11-2023,846.61,167.3,86.77,2639.34,0,431.27,14.76,30.59,26.8,0,148.63,301.2,0,64.03,500,11326.01,0,89.22,0
Mary B Johnson 7H,01-12-2023,846.61,702.65,85.61,2740.6,12.43,438.59,0,34.24,61.19,0,25.25,187.08,0,44.78,500,5794.94,43.38,95.46,0
Mary B Johnson 7H,01-01-2024,846.61,357.41,101.63,2934,24.86,487.51,15.16,25.49,0,0,364.38,112.9,0,309.17,500,6716.99,230.63,303.95,0
Mary B Johnson 7H,01-02-2024,846.61,294.04,84.44,2609.11,21.85,476.53,102.67,39.33,0,19.92,9.64,32.04,0,0,500,5305.36,75.28,34.93,0
Mary B Johnson 7H,01-03-2024,846.61,333.2,84.44,1897.81,80.9,659.82,0,29.14,0,10.73,0,118.65,2.29,19.92,500,-3101.86,29.13,-6.39,0
Mary B Johnson 7H,01-04-2024,846.61,380.71,84.44,2742.19,48.38,464.32,46.84,30.17,25.05,0,0,71.33,0,44.04,500,5419.55,72.71,-25.31,0
Mary B Johnson 7H,01-05-2024,846.61,514.66,84.44,2916.3,12.7,470.31,24.64,25.22,0,0,0,77.51,0,126.15,500,5672.6,0,74.06,0
Mary B Johnson 7H,01-06-2024,848.56,755.18,84.44,3161.28,0,442.47,25.76,28.84,0,0,56.95,116.56,8.65,182.2,500,-881.1,42.17,41.89,1122.86
Mary B Johnson 7H,01-07-2024,848.56,1059.75,78.55,2824.42,6.97,452.12,10.44,35.66,0,0,17.17,85.05,0,0,500,6903.98,37.94,116.81,0
Mary B Johnson 7H,01-08-2024,848.56,282.07,79.65,2419.39,0,636.78,75.94,13.66,0,0,13.97,113.71,0,0,500,5016.82,60.7,59.88,0
Mary B Johnson 7H,01-09-2024,848.56,258.01,78.55,478.29,64.12,424.07,29.11,22,0,0,191.32,100.74,0,21.03,500,4070.41,0,57.44,0
Mary B Johnson 7H,01-10-2024,848.56,997.98,78.55,4702.07,35.38,427.49,26.73,14.84,0,0,14.31,539.61,0,96.19,500,10205.32,0,217.49,1146.23
Merriweather South 5H,01-11-2023,1600,812.7,152.07,7325.02,0,755.83,25.88,700,0,0,124.65,825.39,160.13,112.23,0,21702.08,0,156.38,0
Merriweather South 5H,01-12-2023,1600,510.8,150.03,0,401.61,768.65,0,412.5,0,0,0,175.67,0,78.47,0,4242.08,17.31,167.26,0
Merriweather South 5H,01-01-2024,1600,522,178.12,16033.57,253.21,854.37,26.59,912.5,0,0,1061.13,297.6,0,0,0,23157.53,12.54,532.67,0
Merriweather South 5H,01-02-2024,1600,2561.1,148,7324.38,375,835.14,179.94,850,0,34.9,83.79,54.18,0,0,0,14416.03,29.79,61.22,0
Merriweather South 5H,01-03-2024,1600,635.6,148,5449.24,283.14,1156.37,0,662.5,0,18.82,0,104.15,4.02,474.9,0,10816.69,0,-11.2,0
Merriweather South 5H,01-04-2024,1600,662.2,148,7151.96,358.57,813.75,82.1,697.65,43.9,0,0,125,0,0,0,10151.45,12.54,-44.36,0
Merriweather South 5H,01-05-2024,1600,1392,148,8031.48,295.36,824.23,42.88,583.31,0,0,0,135.81,0,0,0,12545.4,0,129.78,0
Merriweather South 5H,01-06-2024,1600,847,148,9127.46,0,586.69,33.65,625,0,0,0,162.51,11.46,0,0,12906.07,15.66,60.02,0
Merriweather South 5H,01-07-2024,1600,1559,104.15,7502.33,291.73,599.49,13.86,800,0,0,0,133.44,0,0,0,13608.86,0,154.9,0
Merriweather South 5H,01-08-2024,1600,1232,105.6,6691.89,0,844.33,100.7,350,0,0,152.26,126.13,0,681.52,0,12757.2,312.5,79.39,0
Merriweather South 5H,01-09-2024,1600,668.5,104.15,7565.48,85.03,562.27,38.59,550,0,0,0,109.02,0,0,0,12583.98,0,76.14,0
Merriweather South 5H,01-10-2024,1600,478.5,104.15,7169.57,301.89,566.82,35.44,351.39,0,0,1479.2,1704.25,0,0,0,14507.5,0,288.28,0
Mose Baggett A 1H,01-11-2023,800,150.5,164.97,4648.83,0,819.95,28.08,0,0,0,0,337.4,0,121.75,1000,13154.77,0,169.65,0
Mose Baggett A 1H,01-12-2023,800,401,162.77,4907.22,0,833.85,0,0,0,0,83.79,190.61,0,85.13,1000,8621.01,18.78,181.47,0
Mose Baggett A 1H,01-01-2024,800,2798.2,193.24,5377.19,16.32,926.85,28.84,0,0,0,0,214.66,0,0,1000,12143.18,13.61,577.89,0
Mose Baggett A 1H,01-02-2024,800,0,160.55,5214.87,0,905.98,195.21,0,0,37.87,0,58.55,0,0,1000,8774.01,32.32,66.43,0
Mose Baggett A 1H,01-03-2024,800,0,160.55,3437.78,4.18,1254.46,0,0,0,20.41,0,112.97,4.36,37.87,1000,7136.34,0,-12.1,0
Mose Baggett A 1H,01-04-2024,800,301,160.55,5163.49,86,882.77,89.06,0,47.62,0,0,135.58,0,0,1000,8799.01,13.61,-48.11,0
Mose Baggett A 1H,01-05-2024,800,602,160.55,5514.31,17.43,894.15,46.47,0,0,0,0,192.65,0,0,1000,9368.37,0,140.81,0
Mose Baggett A 1H,01-06-2024,970.32,1526.63,160.55,5880.31,158.12,576.85,33.11,133.06,0,0,148.73,951.14,11.28,102.31,1000,12256.71,15.4,60.9,0
Mose Baggett A 1H,01-07-2024,970.32,821.37,102.41,5321.48,50.82,589.44,13.62,95.81,0,0,0,574.33,0,291.36,1000,11528.16,0,152.27,0
Mose Baggett A 1H,01-08-2024,970.32,987.27,103.83,4534.26,0,830.18,99.01,58.55,0,0,32.42,142.69,0,0,1000,9768.29,0,78.05,0
Mose Baggett A 1H,01-09-2024,970.32,957.96,102.41,5003.51,83.6,552.86,37.95,95.81,0,0,422.57,115.75,0,0,1000,40442.2,0,74.89,29744.94
Mose Baggett A 1H,01-10-2024,970.32,1402.24,102.41,4684.72,60.54,557.32,34.85,71.56,0,0,0,186.86,0,0,1000,22552.07,0,283.53,12433.23
Moses Baggett 2H,01-11-2023,1299.36,3443.5,233.74,10934.93,0,1161.74,39.8,585.19,0,0,51.66,660.4,0,849.22,0,28798.58,0,240.34,0
Moses Baggett 2H,01-12-2023,1299.36,6924.33,230.6,11722.17,1609.52,1181.44,0,460.35,0,0,446.26,6964.87,0,985.64,0,32046.46,26.6,257.12,0
Moses Baggett 2H,01-01-2024,1299.36,2857.59,273.77,12211.67,59.63,1313.2,40.88,312.1,0,0,627.11,304.15,0,0,0,20415.7,19.28,818.75,0
Moses Baggett 2H,01-02-2024,1299.36,5983.36,227.48,8559.77,234.08,1283.64,276.57,514.97,0,53.66,244.98,863.03,0,1815.98,0,63339.39,45.79,94.09,41414.44
Moses Baggett 2H,01-03-2024,1299.36,5512.65,227.48,8071.32,41.07,1777.37,0,405.74,0,28.92,0,578.09,6.17,53.65,0,15113.25,0,-17.2,0
Moses Baggett 2H,01-04-2024,1299.36,5167.94,227.48,11510.25,156.98,1250.76,126.2,421.43,67.48,0,1612.61,649.89,0,0,0,23547.6,19.28,-68.18,0
Moses Baggett 2H,01-05-2024,1299.36,4905.03,227.48,12139.29,59.84,1266.88,65.68,352.36,0,0,0,3550.87,479.75,0,0,28838.85,0,199.49,4292.82
Moses Baggett 2H,01-06-2024,1193.12,2948.01,227.48,13186.24,364.96,1330.7,74.35,307.13,0,0,343.29,2144.23,26,236.14,0,20089.27,35.52,122.66,0
Moses Baggett 2H,01-07-2024,1193.12,1166.22,236.23,11841.22,117.29,1359.72,31.44,221.12,0,0,0,211.29,0,672.49,0,20264.25,0,351.3,0
Moses Baggett 2H,01-08-2024,1193.12,2139.64,239.53,10190.64,0,1915.06,228.39,135.13,0,0,74.82,329.19,0,0,0,18436.73,0,180.05,0
Moses Baggett 2H,01-09-2024,1193.12,2572.31,236.23,1606.99,192.85,1275.33,87.52,221.13,0,0,975.34,267.01,0,0,0,80407.4,0,172.68,68655.05
Moses Baggett 2H,01-10-2024,1193.12,2121.79,236.23,18515.19,139.72,1285.63,80.4,165.16,0,0,0,431.06,0,0,0,55283.31,0,653.98,28697.46
Moses Baggett 3H,01-11-2023,1100.64,2216.9,140.73,8570.42,0,699.45,23.96,352.31,0,0,31.1,397.6,0,511.27,0,22861.94,0,144.71,0
Moses Baggett 3H,01-12-2023,1100.64,4258.17,138.85,9323.26,969,711.32,0,277.15,0,0,445.67,551.87,0,593.41,0,18502.98,16.02,154.82,0
Moses Baggett 3H,01-01-2024,1100.64,1068.41,164.84,10430.72,35.9,790.66,24.61,187.9,0,0,377.56,183.11,0,0,0,15036.41,11.6,492.94,0
Moses Baggett 3H,01-02-2024,1100.64,3602.3,136.96,9877.65,140.92,772.86,166.51,310.03,0,32.3,147.48,281.03,0,0,0,16910.71,27.56,56.65,0
Moses Baggett 3H,01-03-2024,1100.64,3165.54,136.96,6938.31,24.71,1070.12,0,244.26,0,17.41,0,348.07,3.72,32.3,0,9511.3,0,-10.34,0
Moses Baggett 3H,01-04-2024,1100.64,3200.42,136.96,9917.6,94.52,753.05,75.99,253.72,40.63,0,970.88,391.29,0,0,0,17572.17,11.6,-41.06,0
Moses Baggett 3H,01-05-2024,1100.64,3193.27,136.96,10494.61,36.02,762.76,39.71,212.13,0,0,0,2137.83,288.84,0,0,21107.39,0,120.13,2584.49
Moses Baggett 3H,01-06-2024,1036.56,2294.96,136.96,11403.82,219.62,799.73,45.3,184.81,0,0,206.57,1290.14,15.63,142.1,0,14369.93,21.35,73.74,0
Moses Baggett 3H,01-07-2024,1036.56,605.69,141.97,10209.21,70.58,817.18,18.87,133.07,0,0,0,126.99,0,404.67,0,15496.71,0,211.13,0
Moses Baggett 3H,01-08-2024,1036.56,1346.14,143.95,8708.54,0,1150.93,137.25,81.32,0,0,45.02,197.86,0,0,0,13857.32,0,108.21,0
Moses Baggett 3H,01-09-2024,1036.56,1691.73,141.97,1395,115.9,766.46,52.6,133.06,0,0,586.91,160.5,0,0,0,49271.7,0,103.81,41313.18
Moses Baggett 3H,01-10-2024,1036.56,1456.6,141.97,16126.94,84.03,772.65,48.31,99.39,0,0,0,259.03,0,0,0,38747.14,0,393.01,17268.69
Moses Watson 1H,01-11-2023,1040.88,1699.34,65.65,7185.12,0,326.28,11.16,120.44,0,0,38.77,134.26,0,48.44,0,19218.62,0,67.5,0
Moses Watson 1H,01-12-2023,1040.88,2337.3,64.76,0,16.95,331.81,0,79.04,0,0,0,75.82,0,33.87,237.27,4280.05,7.47,72.23,0
Moses Watson 1H,01-01-2024,1040.88,693.85,76.88,14912.95,24.74,368.81,11.46,165.61,0,0,107.1,849.01,0,0,0,18564.81,5.42,229.95,0
Moses Watson 1H,01-02-2024,1040.88,2577.54,63.89,7940.48,112.91,360.51,77.68,173.14,150.55,15.07,298.17,825.45,0,0,0,13795.82,12.86,26.42,0
Moses Watson 1H,01-03-2024,1040.88,1332.39,63.89,8798.54,19.27,499.18,0,124.2,0,8.12,0,44.95,1.73,185.35,0,12239.36,0,-4.83,0
Moses Watson 1H,01-04-2024,1040.88,2612.72,63.89,8324.63,51.81,351.28,35.43,101.65,18.95,0,448.03,1360.13,0,0,0,14462.31,5.42,-19.14,0
Moses Watson 1H,01-05-2024,1040.88,2824.51,63.89,8746.41,24.53,355.8,18.74,84.99,0,0,693.58,1689.63,0,555.51,0,15754.6,225.83,56.03,0
Moses Watson 1H,01-06-2024,1053.12,1713.57,63.89,10089.13,0,871.84,49.25,118.65,0,0,0,469.19,17.04,0,0,15336.71,23.28,69.75,0
Moses Watson 1H,01-07-2024,1053.12,1492.56,154.77,8121.59,0,890.85,20.61,142.39,0,0,0,119.89,0,0,0,13862.42,0,230.17,0
Moses Watson 1H,01-08-2024,1053.12,1340.3,156.93,7522.9,0,1254.7,149.64,79.1,0,0,48.18,225.6,0,0,0,13356.59,0,117.97,0
Moses Watson 1H,01-09-2024,1053.12,1297.61,154.77,8187.65,126.35,835.57,57.35,0,0,0,0,162.02,0,0,0,17252.02,0,113.16,3330.43
Moses Watson 1H,01-10-2024,1053.12,1400.28,154.77,7700.74,40.83,842.31,52.67,0,0,0,715.76,1069.4,0,695.94,0,16308.94,150.29,428.48,824.11
Moses Watson 2H,01-11-2023,962.8,2529.8,44.37,11513.18,0,220.55,7.56,81.4,0,0,26.2,106.18,0,32.75,0,23976.25,0,45.64,0
Moses Watson 2H,01-12-2023,962.8,1936.72,43.78,0,11.45,224.29,0,53.42,0,0,0,51.25,0,22.9,160.35,3509.06,5.05,48.79,0
Moses Watson 2H,01-01-2024,962.8,1552.55,51.98,25187.43,16.74,249.3,7.77,111.92,0,0,72.39,573.84,0,0,0,28998.65,3.66,155.44,0
Moses Watson 2H,01-02-2024,962.8,2043.04,43.18,12838.13,76.32,243.69,52.5,117.01,101.75,10.19,201.52,558.74,0,0,0,17356.75,8.7,17.88,0
Moses Watson 2H,01-03-2024,962.8,1713.22,43.18,13882.83,13.02,337.42,0,83.95,0,5.49,0,30.39,1.18,156.05,0,17311.22,0,-3.27,0
Moses Watson 2H,01-04-2024,962.8,1440.33,43.18,12985.85,35.04,237.44,23.96,68.7,12.81,0,302.82,1541.76,0,0,0,17690.45,3.66,-12.95,0
Moses Watson 2H,01-05-2024,962.8,1908.96,43.18,13595.99,16.59,240.5,12.81,57.42,0,0,468.76,1771.25,0,375.44,0,18668.11,152.62,37.88,0
Moses Watson 2H,01-06-2024,930.32,1865.43,43.18,11270.23,0,449.03,26.12,61.09,0,0,0,2970.07,8.77,0,0,48830.57,11.99,37.19,30746.15
Moses Watson 2H,01-07-2024,930.32,1029.51,79.71,12334.26,0,458.83,10.59,73.3,0,0,0,61.74,0,0,0,35098.09,0,118.53,19158.45
Moses Watson 2H,01-08-2024,930.32,690.06,80.82,11550.1,0,646.21,77.06,40.73,0,0,24.8,116.2,0,0,0,14942.3,0,60.75,0
Moses Watson 2H,01-09-2024,930.32,513.1,79.71,12248.75,65.07,430.34,29.54,0,0,0,0,83.45,0,0,0,17149.29,0,58.27,1714.68
Moses Watson 2H,01-10-2024,930.32,596.96,79.71,11831.74,21.03,433.82,27.14,0,0,0,368.52,550.61,0,358.31,0,16528.33,77.38,220.64,424.3
Moses Watson 3H,01-11-2023,1196.32,2803.66,108.03,13636.02,0,536.94,18.4,198.16,0,0,63.79,220.94,0,79.73,0,27603.21,0,111.09,0
Moses Watson 3H,01-12-2023,1196.32,3764.91,106.59,0,27.89,546.05,0,130.04,0,0,0,124.83,0,55.75,390.38,6445.35,12.3,118.86,0
Moses Watson 3H,01-01-2024,1196.32,1803.8,126.54,32337.79,40.72,606.95,18.89,272.47,0,0,176.22,1396.96,0,0,0,38492.57,8.91,378.43,0
Moses Watson 3H,01-02-2024,1196.32,4903.01,105.14,16492.86,185.77,593.28,127.83,284.85,247.7,24.8,490.59,1356.4,0,0,0,26271.09,21.16,43.49,0
Moses Watson 3H,01-03-2024,1196.32,2523.29,105.14,17992.13,31.7,821.48,0,204.35,0,13.36,0,73.97,2.85,243.65,0,23407.13,0,-7.94,0
Moses Watson 3H,01-04-2024,1196.32,4208.35,105.14,16982.28,85.28,578.09,58.33,167.23,31.18,0,737.15,2237.84,0,0,0,26474.25,8.91,-31.49,0
Moses Watson 3H,01-05-2024,1196.32,5249.16,105.14,17821.45,40.37,585.54,30.58,139.83,0,0,1141.14,2779.95,0,913.97,0,29190.7,371.55,92.2,0
Moses Watson 3H,01-06-2024,1216.56,2639.5,105.14,20828.72,0,1438.86,80.26,195.26,0,0,0,772.79,28.12,0,0,28775.68,38.41,115.06,0
Moses Watson 3H,01-07-2024,1216.56,2028.73,255.43,14582.31,0,1470.24,33.99,234.31,0,0,0,197.88,0,0,0,51150.52,0,379.86,28050.4
Moses Watson 3H,01-08-2024,1216.56,2807.74,259,14939.85,0,2070.73,246.95,130.17,0,0,79.29,372.16,0,0,0,24641.11,0,194.7,0
Moses Watson 3H,01-09-2024,1216.56,2342.11,255.43,16237.83,208.53,1379,94.63,0,0,0,0,267.36,0,0,0,30860.87,0,186.75,5480.89
Moses Watson 3H,01-10-2024,1216.56,2329.56,255.43,15235.6,67.38,1390.13,86.92,0,0,0,1177.95,1761.19,0,1145.31,0,28924.23,247.33,707.15,1356.24
Northcutt Dye 1H,01-11-2023,828.35,462.93,52.77,3420.02,0,262.24,0,18.61,16.3,0,90.39,183.17,0,38.94,875,8559.92,0,54.23,0
Northcutt Dye 1H,01-12-2023,828.35,183.42,52.05,3994.59,7.56,266.69,0,20.82,37.2,0,15.36,113.71,0,27.23,875,6492.44,26.39,58.02,0
Northcutt Dye 1H,01-01-2024,828.35,217.34,61.8,4077.16,15.12,296.44,9.24,15.51,0,0,221.59,68.64,0,188.01,875,7262.07,140.24,184.82,0
Northcutt Dye 1H,01-02-2024,828.35,178.81,51.35,3714.55,13.29,289.77,62.43,23.93,0,12.11,5.88,20.54,0,0,875,6239.68,45.76,21.24,0
Northcutt Dye 1H,01-03-2024,828.35,202.62,51.35,2715.98,49.2,401.22,0,17.72,0,6.53,0,72.14,1.39,12.11,875,2871.6,17.72,-3.89,0
Northcutt Dye 1H,01-04-2024,828.35,231.53,51.35,3986.66,29.42,282.34,28.5,18.33,15.24,0,0,43.38,0,26.79,875,6499.27,44.22,-15.4,0
Northcutt Dye 1H,01-05-2024,828.35,312.96,51.35,4144.35,7.73,285.98,15.15,15.33,0,0,0,47.13,0,76.71,875,6705.08,0,45.04,0
Northcutt Dye 1H,01-06-2024,833.92,730.64,51.35,5092.34,0,308.09,18.41,20.14,0,0,39.79,78.53,6.02,1329.81,875,7770.2,29.42,28.24,784.35
Northcutt Dye 1H,01-07-2024,833.92,708.46,54.69,4169.58,4.86,314.82,7.26,24.91,0,0,12,59.29,0,0,875,7750.91,26.5,81.32,0
Northcutt Dye 1H,01-08-2024,833.92,699.71,55.45,3463.87,0,443.39,52.89,9.54,0,0,9.76,79.2,0,0,875,6852.1,42.4,41.68,0
Northcutt Dye 1H,01-09-2024,833.92,882.22,54.69,3551.68,44.65,295.27,20.28,15.37,0,0,133.64,70.19,0,14.69,875,7525.92,0,39.97,0
Northcutt Dye 1H,01-10-2024,833.92,223.11,54.69,3560.01,24.66,297.66,18.62,10.37,0,0,9.99,376.61,0,67.19,875,7693.77,0,151.44,800.67
Northcutt Dye 2H,01-11-2023,873.8,565.84,137.36,3604.9,0,682.74,23.36,48.42,42.44,0,235.29,476.88,0,101.38,375,9854.77,0,141.26,0
Northcutt Dye 2H,01-12-2023,873.8,477.53,135.53,4195.25,19.67,694.32,0,54.2,96.86,0,39.97,296.15,0,70.89,375,7512.64,68.67,151.12,0
Northcutt Dye 2H,01-01-2024,873.8,866.81,160.9,4096.63,39.36,771.75,24,40.35,0,0,576.87,178.75,0,489.44,375,9503.42,365.11,481.15,0
Northcutt Dye 2H,01-02-2024,873.8,465.49,133.69,3617.02,34.59,754.37,162.54,62.26,0,31.53,15.26,49.17,0,0,375,7000.81,119.16,55.29,0
Northcutt Dye 2H,01-03-2024,873.8,527.47,133.69,2616.91,128.06,1044.54,0,46.12,0,17,0,187.85,3.63,31.53,375,3872.79,46.12,-10.09,0
Northcutt Dye 2H,01-04-2024,873.8,602.7,133.69,3957.47,76.61,735.05,74.15,47.76,39.65,0,0,112.91,0,69.72,375,7312.95,115.11,-40.07,0
Northcutt Dye 2H,01-05-2024,873.8,814.73,133.69,4080.09,20.1,744.52,38.76,39.93,0,0,0,122.68,0,199.71,375,7560.25,0,117.24,0
Northcutt Dye 2H,01-06-2024,888.32,1381.16,133.69,4926.44,0,803.01,45.48,52.44,0,0,103.59,204.59,15.69,331.36,375,9522.25,76.64,73.55,2042.24
Northcutt Dye 2H,01-07-2024,888.32,1325.68,142.55,3195.91,12.67,820.52,18.96,64.86,0,0,31.23,154.5,0,0,375,10958.14,69,212,2139.66
Northcutt Dye 2H,01-08-2024,888.32,513.03,144.55,2459.31,0,1155.64,137.82,24.84,0,0,25.42,206.45,0,0,375,48003.52,110.4,108.65,40802.81
Northcutt Dye 2H,01-09-2024,888.32,740.17,142.55,3670.36,116.37,769.6,52.81,40.02,0,0,347.97,182.88,0,38.24,375,9278.23,0,104.22,0
Northcutt Dye 2H,01-10-2024,888.32,580.93,142.55,3717.24,64.26,775.82,48.51,26.98,0,0,26.02,980.86,0,174.95,375,11296.91,0,394.65,2084.74
Northcutt Dye 3H,01-11-2023,844.01,308.45,81.92,3523.18,0,407.14,13.96,28.89,25.3,0,140.32,284.37,0,60.45,500,8652.98,0,84.25,0
Northcutt Dye 3H,01-12-2023,844.01,638.35,80.82,4025.15,11.74,414.04,0,32.32,57.77,0,23.84,401.46,0,42.27,500,7181.2,40.96,90.11,0
Northcutt Dye 3H,01-01-2024,844.01,337.41,95.94,4126.43,23.48,460.22,14.34,24.07,0,0,344.03,106.59,0,291.86,500,7770.58,217.72,286.95,0
Northcutt Dye 3H,01-02-2024,844.01,277.58,79.72,3719.74,20.63,449.87,96.93,37.13,0,18.81,9.1,30.41,0,0,500,6338.07,71.06,32.99,0
Northcutt Dye 3H,01-03-2024,844.01,465.05,79.72,2681.59,76.36,622.89,0,27.52,0,10.13,0,112.01,2.17,18.8,500,3138.24,27.51,-6.03,0
Northcutt Dye 3H,01-04-2024,844.01,359.41,79.72,3763.52,45.68,438.34,44.24,28.47,23.65,0,0,67.33,0,41.57,500,6363.85,68.65,-23.89,0
Northcutt Dye 3H,01-05-2024,844.01,485.86,79.72,4012.15,12,443.99,23.29,23.81,0,0,0,73.17,0,119.1,500,6687,0,69.9,0
Northcutt Dye 3H,01-06-2024,852.16,1116.04,79.72,4854.82,0,475.25,27.56,30.97,0,0,61.18,121.29,9.29,195.71,500,7312.37,45.29,43.64,1206.11
Northcutt Dye 3H,01-07-2024,852.16,348.85,84.37,3977.52,7.48,485.62,11.22,38.31,150,0,18.45,91.35,0,0,500,8349.43,40.75,125.46,725.82
Northcutt Dye 3H,01-08-2024,852.16,805.66,85.54,3339.71,0,683.95,81.57,14.67,0,0,15,122.11,0,0,500,7144.8,65.2,64.31,0
Northcutt Dye 3H,01-09-2024,852.16,728.63,84.37,3692.51,68.88,455.48,31.26,23.63,0,0,205.51,108.21,0,22.58,500,7905.92,0,61.68,0
Northcutt Dye 3H,01-10-2024,852.16,644.08,84.37,3470.3,37.99,459.15,28.71,15.94,0,0,15.37,579.61,0,103.32,500,8857.1,0,233.54,1231.2
R.W. Carter 4BH,01-11-2023,800,451.5,0,4229.01,0,0,0,0,0,0,0,95.17,0,0,0,5575.68,0,0,0
R.W. Carter 4BH,01-12-2023,800,401,0,4302.66,0,0,0,98.87,0,0,0,0,0,0,0,5602.53,0,0,0
R.W. Carter 4BH,01-01-2024,800,965.8,0,4705.18,14.84,0,0,207.62,0,0,0,0,0,0,0,6693.44,0,0,0
R.W. Carter 4BH,01-02-2024,1010.91,0,0,4273.76,98.87,0,0,194.43,131.82,0,189.92,186.98,0,0,0,6086.69,0,0,0
R.W. Carter 4BH,01-03-2024,1010.91,366.98,0,3053.47,58.22,0,0,148.3,0,0,0,72.28,0,211,0,3679.39,0,0,0
R.W. Carter 4BH,01-04-2024,1010.91,0,0,4487.68,15.41,0,0,160.19,0,0,0,0,0,0,0,5674.19,0,0,0
R.W. Carter 4BH,01-05-2024,1010.91,602,0,4785.15,15.41,0,0.42,133.93,0,0,0,0,0,0,0,6547.82,0,0,0
R.W. Carter 4BH,01-06-2024,945.12,471.97,0,4999.35,0,324.48,19.31,97.51,0,0,0,65.62,6.34,0,0,5885.74,8.66,22.99,0
R.W. Carter 4BH,01-07-2024,945.12,265.07,57.6,4552.36,13.93,331.56,7.68,142.85,0,0,0,47.14,0,0,0,7058.04,0,85.66,0
R.W. Carter 4BH,01-08-2024,945.12,739.96,58.41,3934.16,0,466.97,55.68,68.03,0,0,27.62,69.77,0,0,0,6897.94,90.7,43.91,0
R.W. Carter 4BH,01-09-2024,945.12,304.85,57.6,4170.61,47.02,310.98,21.34,142.85,0,0,0,60.3,0,321.51,0,7144.11,0,42.13,0
R.W. Carter 4BH,01-10-2024,945.12,101.4,57.6,4501.41,29.27,313.49,19.61,55.43,0,0,81.08,105.1,0,0,0,6779.58,0,159.48,0
R.W. Carter 5BH,01-11-2023,958.47,0,54.09,3186.04,0,268.85,9.2,118.85,0,0,138.44,110.64,237.7,261.78,0,6731.28,0,55.63,0
R.W. Carter 5BH,01-12-2023,958.47,740.33,53.37,3296.87,363.83,273.41,0,73.37,0,0,0,62.49,0,27.91,0,6023.61,6.15,59.49,0
R.W. Carter 5BH,01-01-2024,958.47,907.1,63.36,3580.64,16.36,303.9,9.45,154.08,0,0,0,70.37,0,0,0,6322.05,4.46,189.48,0
R.W. Carter 5BH,01-02-2024,956.53,0,52.64,3242.51,73.37,297.05,64,144.31,97.83,12.41,140.96,157.76,0,0,0,5370.83,10.6,21.77,0
R.W. Carter 5BH,01-03-2024,956.53,272.37,52.64,2316.98,44.59,411.32,0,110.06,0,6.69,0,90.69,1.43,193.51,0,3613.52,0,-3.98,0
R.W. Carter 5BH,01-04-2024,956.53,0,52.64,3393.56,39.64,289.44,29.19,118.9,15.61,0,0,44.48,0,0,0,4983.57,4.46,-15.77,0
R.W. Carter 5BH,01-05-2024,956.53,602,52.64,3652.06,17.15,293.18,15.52,99.41,0,0,0,48.3,0,0,0,5782.99,0,46.2,0
R.W. Carter 5BH,01-06-2024,969.84,172.01,52.64,3863.58,0,373.65,21.99,114.11,0,0,0,92.31,7.3,0,0,5010.24,9.98,33.03,0
R.W. Carter 5BH,01-07-2024,969.84,310.23,66.33,3364.48,16.29,381.79,8.82,167.18,0,0,0,1194.3,0,0,0,7279.25,0,98.64,0
R.W. Carter 5BH,01-08-2024,969.84,161.45,67.25,3013.83,0,537.73,64.14,79.61,0,0,32.32,80.34,0,0,0,5670.64,106.15,50.57,0
R.W. Carter 5BH,01-09-2024,969.84,145.43,66.33,3214.22,54.15,358.1,24.57,167.19,0,0,0,69.44,0,376.28,0,6322.85,0,48.48,0
R.W. Carter 5BH,01-10-2024,969.84,118.68,66.33,3457.62,33.98,361,22.57,64.87,0,0,94.9,121.03,0,0,0,5967.23,0,183.64,0
Salt Flat Field,01-11-2023,0,0,0,0,0,0,0,0,0,0,0,0,0,0,0,0,0,0,0
Salt Flat Field,01-12-2023,0,0,0,0,0,0,0,0,0,0,0,0,0,0,0,0,0,0,0
Salt Flat Field,01-01-2024,0,0,0,0,0,0,0,0,0,0,0,0,0,0,0,0,0,0,0
Salt Flat Field,01-02-2024,0,0,0,0,0,0,0,0,0,0,0,0,0,0,0,0,0,0,0
Salt Flat Field,01-03-2024,0,0,0,0,0,0,0,0,0,0,0,0,0,0,0,25000,0,0,0
Salt Flat Field,01-04-2024,0,0,0,0,0,0,0,0,0,0,0,0,0,0,0,25000,0,0,0
Salt Flat Field,01-05-2024,0,0,0,0,0,0,0,0,0,0,0,0,0,0,0,0,0,0,0
Salt Flat Field,01-06-2024,0,0,0,0,0,0,0,0,0,0,0,0,0,0,0,0,0,0,0
Salt Flat Field,01-07-2024,0,0,0,0,0,0,0,0,0,0,0,0,0,0,0,0,0,0,0
Salt Flat Field,01-08-2024,0,0,0,0,0,0,0,0,0,0,0,0,0,0,0,0,0,0,0
Salt Flat Field,01-09-2024,0,0,0,0,0,0,0,0,0,0,0,0,0,0,0,0,0,0,0
Salt Flat Field,01-10-2024,0,0,0,0,0,0,0,0,0,0,0,0,0,0,0,0,0,0,0
Smith B Unit 2H,01-11-2023,871.89,457.36,58.17,3381.04,0,289.12,9.92,31.45,0,0,20.21,227.19,0,173.16,1000,11065.48,0,59.81,0
Smith B Unit 2H,01-12-2023,871.89,527.72,57.39,0,12.17,294.03,0,15.72,0,0,0,474.48,0,30.02,1000,3338.66,6.62,64.01,0
Smith B Unit 2H,01-01-2024,871.89,535.54,68.14,0,11.01,326.82,10.18,24.03,0,0,72.47,75.69,0,0,1000,3273.58,4.8,203.76,0
Smith B Unit 2H,01-02-2024,871.89,406.54,56.61,3875.35,33.69,319.46,68.83,22.47,0,13.36,64.2,115.1,0,0,1000,42402.36,11.39,23.44,35413.46
Smith B Unit 2H,01-03-2024,871.89,581.07,56.61,3062.24,6.53,442.34,0,6.73,0,7.2,0,39.84,1.53,143.76,1000,4501.59,0,-4.27,0
Smith B Unit 2H,01-04-2024,871.89,907.7,56.61,3960.34,37.13,311.28,31.43,18.2,16.8,0,0,172.3,0,130.11,1000,7039.1,72.2,-16.98,0
Smith B Unit 2H,01-05-2024,871.89,672.36,56.61,3164.42,12.96,315.29,16.66,15.22,0,0,0,51.97,0,0,1000,7804.44,0,49.64,0
Smith B Unit 2H,01-06-2024,873.28,987.87,56.61,5276.24,0,317.92,18.95,20.61,0,0,0,79.66,6.21,0,1000,6948.83,8.48,29.59,0
Smith B Unit 2H,01-07-2024,873.28,681.16,56.44,3776.9,0,324.86,7.5,24.04,0,0,0,76.61,0,0,1000,7410.47,0,83.94,0
Smith B Unit 2H,01-08-2024,873.28,700.12,57.23,3398.1,0,457.54,54.56,6.87,0,0,290.07,127.07,0,0,1000,7166.34,0,43.01,0
Smith B Unit 2H,01-09-2024,873.28,521.53,56.44,3648.51,46.08,304.7,20.92,13.74,0,0,87.17,59.07,0,0,1000,7350.21,0,41.26,0
Smith B Unit 2H,01-10-2024,873.28,150.82,56.44,3658.35,26.1,307.15,19.21,11.19,0,0,0,271.56,0,132.51,1000,6951.25,0,156.23,0
Smith B Unit 3H,01-11-2023,932.68,844.09,107.36,3603.77,0,533.59,18.28,58.05,0,0,37.3,419.35,0,319.58,0,11643.95,0,110.39,0
Smith B Unit 3H,01-12-2023,932.68,973.94,105.92,1303.98,22.43,542.64,0,29.03,0,0,0,875.69,0,55.4,0,4943.63,12.22,118.08,0
Smith B Unit 3H,01-01-2024,932.68,988.38,125.75,7665.85,20.32,603.16,18.78,44.37,0,0,133.76,139.7,0,0,0,6947.06,8.85,376.06,0
Smith B Unit 3H,01-02-2024,932.68,750.31,104.49,3568.55,62.2,589.59,127.03,41.46,0,24.64,118.5,210.19,0,0,0,6790.55,21.03,43.2,0
Smith B Unit 3H,01-03-2024,932.68,979.91,104.49,2808.7,12.05,816.36,0,12.44,0,13.28,0,743.45,2.84,265.31,0,5208.39,0,-7.89,0
Smith B Unit 3H,01-04-2024,932.68,1369.8,104.49,3638.25,68.54,574.48,57.96,33.6,30.99,0,0,473.8,0,240.14,0,6648.61,133.24,-31.32,0
Smith B Unit 3H,01-05-2024,932.68,1240.87,104.49,2873.8,23.91,581.88,30.39,28.09,0,0,0,365.57,0,0,0,9426.76,0,91.65,0
Smith B Unit 3H,01-06-2024,935.44,1433.76,104.49,4797.66,0,589.97,33.83,38.1,0,0,0,147.62,11.53,0,0,3480.02,15.75,54.83,0
Smith B Unit 3H,01-07-2024,935.44,1063.85,104.74,3434.18,0,602.84,13.95,44.44,0,0,0,195.2,0,0,0,7489.5,0,155.74,0
Smith B Unit 3H,01-08-2024,935.44,987.61,106.19,3064.43,0,849.05,101.26,12.7,0,0,536.1,209.1,0,0,0,7350.81,0,79.82,0
Smith B Unit 3H,01-09-2024,935.44,836.24,104.74,3234.78,85.5,565.42,38.8,25.39,0,0,161.12,109.64,0,0,0,7431.01,0,76.56,0
Smith B Unit 3H,01-10-2024,935.44,278.75,104.74,3237.23,48.36,569.99,35.64,20.7,0,0,0,502.65,0,244.92,0,6804.35,0,289.94,0
Smith Heirs Lease,01-11-2023,0,0,0,0,0,0,0,0,0,0,0,0,0,0,700,700,0,0,0
Smith Heirs Lease,01-12-2023,0,0,0,0,0,0,0,0,0,0,0,0,0,0,700,700,0,0,0
Smith Heirs Lease,01-01-2024,0,0,0,0,0,0,0,0,0,0,0,0,0,0,700,700,0,0,0
Smith Heirs Lease,01-02-2024,0,0,0,0,375,0,0,0,0,0,0,0,0,0,700,1075,0,0,0
Smith Heirs Lease,01-03-2024,0,0,0,0,0,0,0,0,0,0,0,0,0,0,700,700,0,0,0
Smith Heirs Lease,01-04-2024,0,0,0,0,0,0,0,0,0,0,0,0,0,0,343,343,0,0,0
Smith Heirs Lease,01-05-2024,0,0,0,0,0,0,0,0,0,0,0,0,0,0,343,343,0,0,0
Smith Heirs Lease,01-06-2024,0,0,0,0,0,0,0,0,0,0,0,0,0,0,343,343,0,0,0
Smith Heirs Lease,01-07-2024,0,0,0,0,0,0,0,0,0,0,0,0,0,0,343,343,0,0,0
Smith Heirs Lease,01-08-2024,0,0,0,0,0,0,0,0,0,0,0,0,0,0,0,1675,0,0,0
Smith Heirs Lease,01-09-2024,0,0,0,0,0,0,0,0,0,0,0,0,0,0,0,0,0,0,0
Smith Heirs Lease,01-10-2024,0,0,0,0,0,0,0,0,0,0,0,0,0,0,0,0,0,0,0
Smith Northcutt 2H,01-11-2023,1134.79,2491.08,270.89,7697.96,0,1346.4,46.08,146.47,0,0,94.11,1058.09,0,806.4,0,35832.24,0,278.55,0
Smith Northcutt 2H,01-12-2023,1134.79,2788.66,267.26,2602.94,56.63,1369.24,0,73.23,0,0,0,2209.63,0,139.8,0,10899.36,30.84,297.97,0
Smith Northcutt 2H,01-01-2024,1134.79,3005.66,317.29,15084.32,51.28,1521.94,47.34,111.94,0,0,337.52,352.5,0,0,0,23258.27,22.35,948.9,0
Smith Northcutt 2H,01-02-2024,1134.79,1893.22,263.63,7733.96,156.93,1487.68,320.54,104.62,0,62.18,299.01,526.31,0,0,0,14641.27,53.07,109.07,0
Smith Northcutt 2H,01-03-2024,1134.79,2346.58,263.63,6075.8,30.43,2059.89,0,31.39,0,33.52,0,185.51,7.15,669.48,0,9694.21,0,-19.93,0
Smith Northcutt 2H,01-04-2024,1134.79,3247,263.63,7469.15,172.92,1449.57,146.22,84.76,78.2,0,0,222.68,0,605.92,0,12664.18,336.21,-79,0
Smith Northcutt 2H,01-05-2024,1134.79,3131.11,263.63,6200.75,60.33,1468.25,76.05,70.87,0,0,0,241.96,0,0,0,20931.12,0,231.2,0
Smith Northcutt 2H,01-06-2024,1122.72,3048.09,263.63,10293.97,0,1409.36,78.65,90.76,0,0,0,357.64,27.55,0,0,14126.27,37.63,132.73,0
Smith Northcutt 2H,01-07-2024,1122.72,2276.25,250.19,7348.65,0,1440.1,33.27,105.89,0,0,0,338.66,0,0,0,15530.18,0,372.06,0
Smith Northcutt 2H,01-08-2024,1122.72,1944.08,253.69,6728.24,0,2028.27,241.89,30.25,0,0,1277.4,499,0,0,0,15468.72,0,190.7,0
Smith Northcutt 2H,01-09-2024,1122.72,1934.98,250.19,7441.5,204.25,1350.72,92.71,60.51,0,0,383.91,261.87,0,0,0,16289.05,0,182.93,0
Smith Northcutt 2H,01-10-2024,1122.72,1342.78,250.19,7284.21,115.4,1361.63,85.15,49.3,0,0,0,1198.88,0,583.58,0,15362.8,0,692.66,0
Tiller Briscoe 9H,01-11-2023,872.08,710.17,134.17,9909.13,0,666.86,22.84,47.3,41.45,0,229.82,465.77,0,99.02,0,22880.61,0,137.97,2397.18
Tiller Briscoe 9H,01-12-2023,872.08,917.91,132.38,8843.62,19.21,678.17,0,52.93,94.6,0,432.53,3540.94,0,532.54,0,20187.16,67.08,147.61,3891.04
Tiller Briscoe 9H,01-01-2024,872.08,1004.13,157.16,12346.03,38.44,753.81,23.46,39.42,0,0,563.42,226.27,0,478.04,0,18837.34,356.6,469.98,1348.8
Tiller Briscoe 9H,01-02-2024,872.08,1447.68,130.58,11075.91,33.79,736.83,158.75,60.82,0,30.8,14.92,48.08,0,0,0,15026.42,116.38,54.01,0
Tiller Briscoe 9H,01-03-2024,872.08,846.3,130.58,8098.16,125.08,1020.25,0,45.04,0,16.6,804.03,183.48,3.55,30.8,0,3621.68,45.05,-9.85,0
Tiller Briscoe 9H,01-04-2024,872.08,1250.87,130.58,11606.7,74.83,717.95,72.44,46.64,38.73,0,0,110.27,0,68.1,0,15198.65,112.42,-39.13,0
Tiller Briscoe 9H,01-05-2024,872.08,1569.19,130.58,12441.9,19.64,727.21,37.87,38.99,0,0,0,119.82,0,195.05,0,16266.84,0,114.51,0
Tiller Briscoe 9H,01-06-2024,877.52,1703.52,130.58,13197.44,0,704.68,40.1,46.02,0,0,90.92,184.26,13.77,290.85,0,10072.21,67.26,66.21,1792.52
Tiller Briscoe 9H,01-07-2024,877.52,1120.46,125.09,12126.5,11.12,720.05,16.65,56.92,0,0,27.41,135.56,0,0,0,16786.58,60.56,186.03,0
Tiller Briscoe 9H,01-08-2024,877.52,1052.3,126.84,10463.49,0,1014.13,120.94,21.8,0,0,22.31,181.16,0,0,0,14309.71,96.9,95.33,0
Tiller Briscoe 9H,01-09-2024,877.52,963.39,125.09,11124.51,102.12,675.36,46.35,35.13,0,0,305.42,160.52,0,33.57,0,16128.55,0,91.44,0
Tiller Briscoe 9H,01-10-2024,877.52,1188.45,125.09,10154.23,56.4,680.82,42.57,23.69,0,0,22.84,860.89,0,153.56,0,17253.86,0,346.31,1829.82
W.H. New 1H,01-11-2023,879.81,856.56,48.02,5107.05,0,238.66,8.2,69.83,0,0,113.48,155.46,0,45.16,0,12801.21,0,49.37,0
W.H. New 1H,01-12-2023,879.81,1517.62,47.37,6477.06,53.34,242.7,0,76.07,0,0,51.59,65.34,0,24.78,0,9481.25,5.46,52.8,0
W.H. New 1H,01-01-2024,879.81,1187.06,56.24,5853.8,31.53,269.77,8.42,49.88,0,0,67.8,65.71,0,0,0,10438.79,65.32,168.19,1678.1
W.H. New 1H,01-02-2024,879.81,1143.01,46.73,5610.69,37.41,263.7,56.82,84.8,0,11.02,8.25,29.56,0,0,0,8288.51,9.41,19.33,0
W.H. New 1H,01-03-2024,879.81,868.82,46.73,4502.73,17.2,365.13,0,64.84,0,5.94,784.91,306.08,1.27,11.02,0,7992.75,49.88,-3.55,0
W.H. New 1H,01-04-2024,879.81,1253.4,46.73,4034.14,53.76,256.95,25.94,67.36,13.87,0,37.95,245.54,0,0,0,57664.14,3.96,-14.03,50710.01
W.H. New 1H,01-05-2024,879.81,394.1,46.73,0,31.85,260.25,13.83,56.32,0,0,29.32,42.9,0,0,0,1796.1,0,40.99,0
W.H. New 1H,01-06-2024,911.36,1711.13,46.73,15291.68,0,406.42,23.79,88.74,0,0,450.32,731.18,7.94,2726.05,0,22812.82,10.85,34.63,0
W.H. New 1H,01-07-2024,911.36,949.85,72.15,6614.33,10.77,415.29,9.6,109.62,167.04,0,387.47,164.24,0,73.11,0,15070.27,147.9,107.29,4167.37
W.H. New 1H,01-08-2024,911.36,600.74,73.15,6038.26,0,584.9,69.76,33.06,0,0,158.77,87.38,0,460.85,0,9729.67,0,55,0
W.H. New 1H,01-09-2024,911.36,1473.83,72.15,6656.77,58.9,389.52,26.73,55.68,0,0,0,75.52,0,0,0,10674.77,0,52.75,0
W.H. New 1H,01-10-2024,911.36,822.08,72.15,6254.84,60.25,392.66,24.56,46.79,0,0,23.45,169.47,0,0,0,9526.42,34.8,199.74,0
W.H. New 2H,01-11-2023,955.06,1472.44,93.29,3310.83,0,463.69,15.88,135.69,0,0,220.49,302.04,0,87.73,0,12578.9,0,95.93,0
W.H. New 2H,01-12-2023,955.06,2169.51,92.04,4159.46,103.66,471.56,0,147.79,0,0,100.23,126.99,0,48.15,0,8463.03,10.62,102.63,0
W.H. New 2H,01-01-2024,955.06,2607.38,109.27,3746.01,61.27,524.15,16.31,96.92,0,0,131.71,127.69,0,0,0,12200.97,126.91,326.81,3260.43
W.H. New 2H,01-02-2024,955.06,2220.8,90.8,3668.4,72.69,512.35,110.39,164.76,0,21.42,16.04,54.93,0,0,0,8114.39,18.27,37.57,0
W.H. New 2H,01-03-2024,955.06,1577.97,90.8,2840.11,33.42,709.42,0,126,0,11.54,1525.03,594.68,2.46,21.41,0,9006.58,346.92,-6.86,0
W.H. New 2H,01-04-2024,955.06,2151.46,90.8,3662.57,104.44,499.22,50.38,130.86,26.93,0,73.73,477.03,0,0,0,8297.66,7.7,-27.21,0
W.H. New 2H,01-05-2024,955.06,765.72,90.8,0,61.9,505.66,26.46,109.41,0,0,56.95,83.32,0,0,0,2734.91,0,79.63,0
W.H. New 2H,01-06-2024,980.64,2502.17,90.8,8656.64,0,658.79,37.59,143.95,0,0,730.46,1396.13,12.87,223.52,0,16112.15,17.59,58,0
W.H. New 2H,01-07-2024,980.64,1117.43,116.95,3784.1,17.48,673.16,15.54,177.83,270.96,0,628.51,266.36,0,118.59,0,16577.94,239.91,173.9,6759.99
W.H. New 2H,01-08-2024,980.64,1275.49,118.59,3435.33,0,948.1,113.07,53.63,0,0,257.53,141.63,0,747.56,0,9224.76,0,89.15,0
W.H. New 2H,01-09-2024,980.64,1803.5,116.95,3716.47,95.48,631.38,43.33,90.32,0,0,0,122.42,0,0,0,9147.36,0,85.5,0
W.H. New 2H,01-10-2024,980.64,1333.53,116.95,3541.66,97.71,636.48,39.8,75.89,0,0,38.04,274.76,0,0,0,8349.25,56.45,323.74,0
W.H. New 3H,01-11-2023,919.54,1328.84,71.92,4149.74,0,357.46,12.24,104.59,0,0,169.98,232.82,0,67.64,0,12821.91,0,73.96,0
W.H. New 3H,01-12-2023,919.54,2073.46,70.96,5248.75,79.9,363.52,0,113.94,0,0,77.27,97.86,0,37.11,0,9150.61,8.19,79.12,0
W.H. New 3H,01-01-2024,919.54,2078.96,84.24,4797.05,47.23,404.06,12.57,74.71,0,0,101.54,98.43,0,0,0,11567.11,97.82,251.92,2513.43
W.H. New 3H,01-02-2024,919.54,1711.99,69.99,4725.55,56.03,394.97,85.1,127.01,0,16.51,12.37,42.93,0,0,0,8336.78,14.09,28.94,0
W.H. New 3H,01-03-2024,919.54,1211.4,69.99,3538.03,25.76,546.88,0,97.12,0,8.9,1175.64,458.45,1.9,16.51,0,8527.25,324.71,-5.28,0
W.H. New 3H,01-04-2024,919.54,2128.51,69.99,4958.11,80.52,384.85,38.82,100.88,20.76,0,56.84,367.75,0,0,0,9184.52,5.93,-20.97,0
W.H. New 3H,01-05-2024,919.54,590.27,69.99,0,47.71,389.81,20.5,84.35,0,0,43.91,244.03,0,0,0,2471.49,0,61.38,0
W.H. New 3H,01-06-2024,939.36,1689.01,69.99,10980.33,0,508.03,29.35,111.05,0,0,563.54,1076.3,9.93,172.44,0,16672.62,13.56,44.73,0
W.H. New 3H,01-07-2024,939.36,999.64,90.19,4754.76,13.48,519.11,12,137.17,209.04,0,484.88,205.44,0,91.49,0,14944.56,185.09,134.14,5215.18
W.H. New 3H,01-08-2024,939.36,1052.8,91.44,4346.79,0,731.12,87.19,41.37,0,0,198.67,109.22,0,576.73,0,9063.96,0,68.74,0
W.H. New 3H,01-09-2024,939.36,1517.4,90.19,4845.15,73.62,486.89,33.42,69.68,0,0,0,94.39,0,0,0,9342.98,0,65.94,0
W.H. New 3H,01-10-2024,939.36,1028.79,90.19,4826.64,75.36,490.82,30.69,58.55,0,0,29.34,211.92,0,0,0,8717.72,43.55,249.69,0
Wilson Malone 2H,01-11-2023,0,0,0,0,0,0,0,0,0,0,0,0,0,0,0,96.89,0,0,0
Wilson Malone 2H,01-12-2023,0,0,0,0,0,0,0,0,0,0,0,0,0,0,0,0,0,0,0
Wilson Malone 2H,01-01-2024,0,0,0,0,0,0,0,0,0,0,0,0,0,0,0,0,0,0,0
Wilson Malone 2H,01-02-2024,0,0,0,0,0,0,0,0,0,0,0,0,0,0,0,0,0,0,0
Wilson Malone 2H,01-03-2024,800,0,0,0,0,0,0,0,0,0,0,0,0,95,0,895,0,0,0
Wilson Malone 2H,01-04-2024,0,0,0,0,0,0,0,0,0,0,0,0,0,0,0,0,0,0,0
Wilson Malone 2H,01-05-2024,0,0,0,0,0,0,0,0,0,0,0,0,0,0,0,0,0,0,0
Wilson Malone 2H,01-06-2024,0,0,0,0,0,0,0,0,0,0,0,0,0,0,0,0,0,0,0
Wilson Malone 2H,01-07-2024,0,0,0,0,0,0,0,0,0,0,0,0,0,0,0,0,0,0,0
Wilson Malone 2H,01-08-2024,0,0,0,0,0,0,0,0,0,0,0,0,0,0,0,0,0,0,0
Wilson Malone 2H,01-09-2024,0,0,0,0,0,0,0,0,0,0,0,0,0,0,0,0,0,0,0
Wilson Malone 2H,01-10-2024,0,0,0,0,0,0,0,0,0,0,0,0,0,0,0,0,0,0,0
