well_name,metric_month,Net_Operating_Profit_to_WI_Owners,Oil_Production_Tax,Oil_Sales_Bbls,Total_Revenue,Total_WI_Expenses,Workover_Cost
Addie Hinds 1H,01-09-2023,12799.37,1329.17,352.71,28847.29,7674.09,0
Addie Hinds 2H,01-09-2023,13644.8,1444.96,383.44,31360.21,8612.14,0
Briscoe Dickerson 1H,01-09-2023,5358.87,1158.72,307.48,25147.99,12091.43,0
Briscoe Dickerson 2H,01-09-2023,6116.81,1248.89,331.41,27104.91,12554.1,0
Carter Unit 7H,01-09-2023,5570.18,1137.39,301.82,24684.65,11948.98,0
Carter Unit 8H,01-09-2023,-32816.67,859.64,228.11,18656.73,46057.7,37794.19
Conley Hickman 2H,01-09-2023,7032.87,1411.81,374.64,30640.68,14673.29,0
Cora Malone 1H,01-09-2023,7866.9,2163.35,574.07,46951.46,25455.45,6856.47
Cora Malone 3H,01-09-2023,9651.5,1345.7,357.1,29205.94,11076.51,1003.42
Cora Malone 4H,01-09-2023,13850.17,3296.42,874.74,71542.57,36924.96,10259.49
Davis B Wilson 2H,01-09-2023,13844.56,1212.89,321.85,26323.38,4837.64,0
Davis B Wilson 3H,01-09-2023,17078.29,1389.18,368.63,30149.51,4319.4,0
Davis B Wilson 4H,01-09-2023,-7048.32,1551.91,411.82,33681.15,30952.47,24883.73
Davis B Wilson 5H,01-09-2023,20665.43,2133.2,566.07,46296.94,12192.39,0
Floy Gray 1H,01-09-2023,53215.98,3926.11,1041.83,85208.54,9057.74,0
Floy Gray 2H,01-09-2023,20917.46,1683.28,446.68,36532.23,5781.7,0
Floyd Tiller 1H,01-09-2023,1908.71,361.76,96,7851.27,3663.49,0
Floyd Tiller 3H,01-09-2023,7879.66,1129.44,299.71,24512.37,9517.24,0
Floyd Tiller 5H,01-09-2023,4485.43,544.29,144.43,11812.79,3872.24,0
Floyd Tiller 6H,01-09-2023,17964.72,1485.5,394.19,32239.78,4845.26,0
Floyd Tiller 7H,01-09-2023,23098.77,2482.25,658.69,53872.56,15135.61,0
Floyd Tiller 9H,01-09-2023,12581.29,1151.02,305.44,24980.81,5092.9,0
Floyd Tiller 10H,01-09-2023,24762.32,2892.69,767.6,62779.95,19793.8,0
Floyd Tiller 12H,01-09-2023,2803.15,485.92,128.94,10546.02,4658.27,0
J.B. Northcutt 2H,01-09-2023,13766.63,1605.46,426.03,34843.58,10962.53,0
J.B. Northcutt A 3H,01-09-2023,5248.73,719.58,190.95,15617.23,5924.5,0
J.B. Northcutt 6H,01-09-2023,9149.9,1156.61,306.92,25102.2,8665.62,0
J.L. New 1H,01-09-2023,35481.57,2738.93,726.81,59443.61,9856,0
Mary B Johnson 1BH,01-09-2023,33113.63,2501.57,663.82,54291.53,5543.64,0
Mary B Johnson 4H,01-09-2023,11923.47,1221.62,324.17,26512.76,6893.13,0
Mary B Johnson 5H,01-09-2023,11129.85,1120.17,297.25,24311.01,6124.13,0
Mary B Johnson 6H,01-09-2023,25714.46,2483.81,659.11,53906.22,12543.81,0
Mary B Johnson 7H,01-09-2023,12325.95,1126.93,299.04,24457.79,5032.21,0
Merriweather South 5H,01-09-2023,17155.16,1975,524.09,42863.75,13266.06,0
Mose Baggett A 1H,01-09-2023,16882.98,2142.47,568.53,46498.36,16117.8,7974.1
Moses Baggett 2H,01-09-2023,25011.57,3035.59,805.53,65881.49,22122.86,0
Moses Baggett 3H,01-09-2023,15821.97,1827.65,484.98,39665.45,12556.37,0
Moses Watson 1H,01-09-2023,-3423.68,852.58,226.24,18503.63,16556.06,4274.18
Moses Watson 2H,01-09-2023,-14704.91,576.32,152.93,12507.81,23581.94,3610.31
Moses Watson 3H,01-09-2023,-122250.45,1402.98,372.3,30449.04,143860.72,128866.43
Northcutt Dye 1H,01-09-2023,4156.5,685.29,181.85,14872.82,6399.02,0
Northcutt Dye 2H,01-09-2023,22870.85,1784.02,473.41,38718.56,4608.45,0
Northcutt Dye 3H,01-09-2023,11057.41,1063.85,282.3,23088.85,5329.18,0
R.W. Carter 4BH,01-09-2023,4873,702.52,186.42,15246.73,6196.11,0
R.W. Carter 5BH,01-09-2023,-5324.83,0,0,0,5324.83,0
Salt Flat Field,01-09-2023,0,0,0,0,0,0
Smith B Unit 2H,01-09-2023,2274.66,755.46,200.47,16395.81,9355.62,0
Smith B Unit 3H,01-09-2023,13096.25,1394.25,369.98,30259.58,8376.46,0
Smith Heirs Lease,01-09-2023,-1100,0,0,0,1100,0
Smith Northcutt 2H,01-09-2023,37109.79,3518.12,933.57,76353.89,17019.57,0
Tiller Briscoe 9H,01-09-2023,13246.66,1742.45,462.38,37816.67,13592.56,0
W.H. New 1H,01-09-2023,2109.68,623.6,165.48,13534.11,7431.19,0
W.H. New 2H,01-09-2023,-35417.59,1211.62,321.52,26295.85,54105.34,39455.96
W.H. New 3H,01-09-2023,6719.17,934.02,247.85,20271.21,7687.03,0
Wilson Malone 2H,01-09-2023,0,0,0,0,0,0
Addie Hinds 1H,01-10-2023,12771.63,1403.19,389.55,30451.26,8840.21,0
Addie Hinds 2H,01-10-2023,13719.32,1525.43,423.49,33103.9,9774.97,0
Briscoe Dickerson 1H,01-10-2023,672.28,1024.51,284.42,22233.34,14755.49,0
Briscoe Dickerson 2H,01-10-2023,-388.74,1104.23,306.56,23963.45,16895.63,0
Carter Unit 7H,01-10-2023,12276.32,2400.38,666.39,52091.61,24693.92,0
Carter Unit 8H,01-10-2023,15673.44,1814.21,503.66,39370.97,12268.78,-6875.23
Conley Hickman 2H,01-10-2023,8188.09,1510.24,419.27,32774.26,15029.38,0
Cora Malone 1H,01-10-2023,12240.42,2141.23,594.45,46467.74,20738.39,0
Cora Malone 3H,01-10-2023,9963.97,1331.94,369.77,28905.05,10550.38,0
Cora Malone 4H,01-10-2023,24530.16,3262.71,905.79,70805.51,25721.69,0
Davis B Wilson 2H,01-10-2023,13919.1,1308.33,363.22,28392.64,6231.61,0
Davis B Wilson 3H,01-10-2023,17958.45,1498.5,416.01,32519.55,5121.25,0
Davis B Wilson 4H,01-10-2023,3588.5,1674.03,464.74,36328.81,22194.67,12284.79
Davis B Wilson 5H,01-10-2023,21367.68,2301.07,638.82,49936.31,14072.92,0
Floy Gray 1H,01-10-2023,32522.5,2882.18,800.15,62547.26,13189.32,1985.44
Floy Gray 2H,01-10-2023,12798.75,1235.7,343.05,26816.45,6799.71,0
Floyd Tiller 1H,01-10-2023,3116.75,468.15,129.97,10159.56,4093.53,0
Floyd Tiller 3H,01-10-2023,9585.39,1256.19,348.74,27261.07,9762.33,0
Floyd Tiller 5H,01-10-2023,5194.2,605.37,168.06,13137.42,4100.45,0
Floyd Tiller 6H,01-10-2023,16406.26,1422.38,394.88,30867.62,5432.79,0
Floyd Tiller 7H,01-10-2023,30555.46,3212.3,891.79,69711.21,18919.63,0
Floyd Tiller 9H,01-10-2023,14541.25,1280.19,355.41,27781.97,5114.75,0
Floyd Tiller 10H,01-10-2023,21637.71,2769.77,768.94,60107.98,21021.88,0
Floyd Tiller 12H,01-10-2023,2357.78,465.28,129.17,10097.17,4785.92,0
J.B. Northcutt 2H,01-10-2023,9794.11,1399.58,388.55,30372.82,11762.01,0
J.B. Northcutt A 3H,01-10-2023,11616.13,1220.24,338.76,26480.8,7329.19,0
J.B. Northcutt 6H,01-10-2023,6354.89,1008.29,279.92,21881.35,9174.72,0
J.L. New 1H,01-10-2023,31071.1,2632.82,730.92,57135.87,12506.17,0
Mary B Johnson 1BH,01-10-2023,32468.79,2602.5,722.5,56477.84,7745.05,0
Mary B Johnson 4H,01-10-2023,11315.49,1270.9,352.83,27580.42,8258.8,0
Mary B Johnson 5H,01-10-2023,10504.36,1165.36,323.53,25290.01,7444.32,0
Mary B Johnson 6H,01-10-2023,24944.58,2584.03,717.37,56077.01,14854.31,0
Mary B Johnson 7H,01-10-2023,11744.04,1172.4,325.48,25442.7,6313.09,0
Merriweather South 5H,01-10-2023,5839.59,1303.4,361.85,28285.74,14235.25,0
Mose Baggett A 1H,01-10-2023,1883.11,996.65,276.69,21628.8,13467.27,3763.56
Moses Baggett 2H,01-10-2023,19916.42,3099.97,860.61,67273.72,28213.91,0
Moses Baggett 3H,01-10-2023,9646.19,1866.41,518.15,40503.67,19331.76,0
Moses Watson 1H,01-10-2023,11406.71,1644.15,456.45,35680.23,13916.33,1474.09
Moses Watson 2H,01-10-2023,435.74,1111.39,308.54,24118.61,16681.58,996.27
Moses Watson 3H,01-10-2023,5540.51,2705.56,751.11,58714.38,36130.03,14077.14
Northcutt Dye 1H,01-10-2023,3522.27,717.88,199.3,15578.98,7534.53,0
Northcutt Dye 2H,01-10-2023,21500.25,1868.86,518.83,40556.94,7283.68,0
Northcutt Dye 3H,01-10-2023,10351.1,1114.45,309.39,24185.12,6813.44,0
R.W. Carter 4BH,01-10-2023,28375.66,2138.47,593.68,46407.85,5316.24,0
R.W. Carter 5BH,01-10-2023,2937.32,535.23,148.59,11615.25,5320.21,0
Salt Flat Field,01-10-2023,0,0,0,0,0,0
Smith B Unit 2H,01-10-2023,4236.37,858.15,238.24,18622.95,8973.74,0
Smith B Unit 3H,01-10-2023,14459.36,1583.76,439.68,34369.92,9930.06,0
Smith Heirs Lease,01-10-2023,-905,0,0,0,905,0
Smith Northcutt 2H,01-10-2023,37387.2,3714.3,1031.16,80605.56,19755.98,0
Tiller Briscoe 9H,01-10-2023,1504.74,1727.08,479.47,37480.07,25095.62,5147.19
W.H. New 1H,01-10-2023,14935.23,1483.51,411.85,32194.24,7759.89,0
W.H. New 2H,01-10-2023,15489.22,1515.77,420.81,32894.28,7887.76,0
W.H. New 3H,01-10-2023,9930.95,1168.49,324.39,25357.86,8090.09,0
Wilson Malone 2H,01-10-2023,0,0,0,0,0,0
Addie Hinds 1H,01-11-2023,2826.11,1132.67,349.3,24575.64,14615.45,0
Addie Hinds 1H,01-12-2023,6375.93,1023.57,349.21,22203.94,9382.27,0
Addie Hinds 1H,01-01-2024,8757.42,1056.72,349.89,22924.64,7512.23,0
Addie Hinds 1H,01-02-2024,9749.37,1145.8,361.61,24858.9,7893.13,0
Addie Hinds 1H,01-03-2024,10106.29,1089.26,324.25,23634.75,6667.57,0
Addie Hinds 1H,01-04-2024,12854.99,1275.73,359.63,27684.46,6793.03,0
Addie Hinds 1H,01-05-2024,16029.88,1312.8,398.34,28481.29,4183.48,0
Addie Hinds 1H,01-06-2024,3714.84,1124.16,344.11,24390.93,13595.56,0
Addie Hinds 1H,01-07-2024,9000.58,1159.96,346.62,25170.49,8863.21,0
Addie Hinds 1H,01-08-2024,5711.65,1113.91,355.18,24167.22,11440,0
Addie Hinds 1H,01-09-2024,4662.64,1049.58,366.4,22766.36,11494.65,0
Addie Hinds 1H,01-10-2024,6245.54,996.65,321.34,21620.86,9098.87,0
Addie Hinds 2H,01-11-2023,3436.69,1231.33,379.72,26716.45,15524.1,0
Addie Hinds 2H,01-12-2023,6419.81,1112.73,379.64,24138.16,10711.05,0
Addie Hinds 2H,01-01-2024,3857.03,1148.77,380.37,24921.64,13829.97,5257.63
Addie Hinds 2H,01-02-2024,10267.86,1245.58,393.12,27024.4,8911.53,0
Addie Hinds 2H,01-03-2024,10830.63,1184.11,352.5,25693.61,7404.45,0
Addie Hinds 2H,01-04-2024,13591.41,1386.87,390.95,30096.09,7768.29,0
Addie Hinds 2H,01-05-2024,17546.65,1426.99,433.06,30962.38,4427.68,0
Addie Hinds 2H,01-06-2024,3580.04,1222.06,374.09,26515.66,15238.34,0
Addie Hinds 2H,01-07-2024,9667.82,1261.06,376.81,27363.12,9752.04,0
Addie Hinds 2H,01-08-2024,5946.31,1210.94,386.11,26272.45,12699.43,0
Addie Hinds 2H,01-09-2024,4703.49,1139,397.64,24706.89,12830.94,0
Addie Hinds 2H,01-10-2024,6644.48,1083.39,349.34,23504.58,10036.81,0
Briscoe Dickerson 1H,01-11-2023,-8943.25,547.11,168.72,11870.77,17180.34,0
Briscoe Dickerson 1H,01-12-2023,-517.33,267.42,91.24,5801.27,4542.78,0
Briscoe Dickerson 1H,01-01-2024,-19203.9,541.48,179.29,11746.94,27355.03,0
Briscoe Dickerson 1H,01-02-2024,-13226.41,287.55,90.75,6238.72,17555.4,0
Briscoe Dickerson 1H,01-03-2024,-6767.18,568.28,169.17,12330.84,15323.5,0
Briscoe Dickerson 1H,01-04-2024,-13950.48,526.78,148.5,11431.5,21882.78,0
Briscoe Dickerson 1H,01-05-2024,-16334.13,221.83,67.31,4812.52,19673.5,0
Briscoe Dickerson 1H,01-06-2024,-12793.71,358.36,109.7,7775.63,18189.17,0
Briscoe Dickerson 1H,01-07-2024,-16230.24,575.16,171.86,12480.2,24890.22,5218
Briscoe Dickerson 1H,01-08-2024,-827.41,923.15,294.35,20028.49,14725.09,0
Briscoe Dickerson 1H,01-09-2024,-4355.87,100.54,35.1,2180.86,5869.12,0
Briscoe Dickerson 1H,01-10-2024,-8463.91,124.3,40.08,2696.72,10335.17,3288
Briscoe Dickerson 2H,01-11-2023,-3448.39,589.68,181.85,12794.5,12261.65,0
Briscoe Dickerson 2H,01-12-2023,973.54,288.24,98.33,6252.7,3333.47,0
Briscoe Dickerson 2H,01-01-2024,5981.52,583.62,193.24,12661.04,2739.73,0
Briscoe Dickerson 2H,01-02-2024,3012.2,309.92,97.82,6724.2,1619.58,0
Briscoe Dickerson 2H,01-03-2024,8354.83,612.5,182.34,13290.38,800,0
Briscoe Dickerson 2H,01-04-2024,7687.16,567.77,160.05,12321.05,800,0
Briscoe Dickerson 2H,01-05-2024,2772.57,239.06,72.55,5187.03,800.41,0
Briscoe Dickerson 2H,01-06-2024,4971.36,386.25,118.24,8380.71,801.56,0
Briscoe Dickerson 2H,01-07-2024,0,0,0,0,0,0
Briscoe Dickerson 2H,01-08-2024,0,0,0,0,0,0
Briscoe Dickerson 2H,01-09-2024,-2985.64,0,0,0,2985.64,0
Briscoe Dickerson 2H,01-10-2024,-2804.7,0,0,0,2804.7,0
Carter Unit 7H,01-11-2023,3409.72,1700.39,524.38,36893.81,22774.2,0
Carter Unit 7H,01-12-2023,7634.63,1866.95,636.96,40499.29,21107.8,0
Carter Unit 7H,01-01-2024,9659.18,1745.93,578.09,37876.47,17222,0
Carter Unit 7H,01-02-2024,-21833.48,1675.01,528.65,36341.33,47625.16,31415.22
Carter Unit 7H,01-03-2024,21016.91,1768,526.32,38363.19,6209.96,0
Carter Unit 7H,01-04-2024,14188.62,1964.37,553.75,42628.53,16065.53,0
Carter Unit 7H,01-05-2024,13071.72,1962.88,595.71,42591.77,17156.18,0
Carter Unit 7H,01-06-2024,17804.75,1781.96,545.49,38664.12,9635.6,0
Carter Unit 7H,01-07-2024,5625.24,1659.05,495.69,35996.02,19921.47,3621.1
Carter Unit 7H,01-08-2024,11817.11,1641.33,523.34,35610,13455.51,0
Carter Unit 7H,01-09-2024,4732.29,1382.52,482.66,29989.21,16551.07,0
Carter Unit 7H,01-10-2024,11550.97,1769.13,570.45,38381.97,15689.02,0
Carter Unit 8H,01-11-2023,-4306.76,1285.16,396.32,27884.44,24096.61,0
Carter Unit 8H,01-12-2023,-1259.39,1411.04,481.41,30609.47,22983.02,0
Carter Unit 8H,01-01-2024,-490.77,1319.58,436.93,28627.13,20807.57,0
Carter Unit 8H,01-02-2024,609.09,1265.97,399.56,27466.88,18884.4,0
Carter Unit 8H,01-03-2024,11858.51,1336.26,397.8,28995,8719.58,0
Carter Unit 8H,01-04-2024,3350.34,1484.68,418.49,32218.73,19515.75,0
Carter Unit 8H,01-05-2024,1603.36,1483.63,450.24,32190.97,21242.9,0
Carter Unit 8H,01-06-2024,6158.64,1346.81,412.28,29222.44,14580.82,0
Carter Unit 8H,01-07-2024,204.82,1253.81,374.64,27205.91,19103.56,0
Carter Unit 8H,01-08-2024,2541.34,1240.5,395.52,26910.72,16557.28,0
Carter Unit 8H,01-09-2024,-3680.03,1044.92,364.8,22665.93,19766.11,0
Carter Unit 8H,01-10-2024,1556.03,1337.12,431.15,29009.1,19031.95,0
Conley Hickman 2H,01-11-2023,-9473.21,578.99,178.55,12562.35,18372.31,0
Conley Hickman 2H,01-12-2023,14587.39,1105.53,377.18,23982.04,2401.25,0
Conley Hickman 2H,01-01-2024,-14281.24,844.35,279.57,18317.28,27257.12,0
Conley Hickman 2H,01-02-2024,6357.01,597.6,188.61,12965.86,2827.77,0
Conley Hickman 2H,01-03-2024,-1346.04,0,0,0,1346.04,0
Conley Hickman 2H,01-04-2024,-1011.18,0,0,0,1011.18,0
Conley Hickman 2H,01-05-2024,-1727.17,0,0,0,1727.17,0
Conley Hickman 2H,01-06-2024,-958.25,0,0,0,958.25,0
Conley Hickman 2H,01-07-2024,-17403.35,0,0,0,17403.35,5697.98
Conley Hickman 2H,01-08-2024,-1504.37,0,0,0,1504.37,0
Conley Hickman 2H,01-09-2024,-1225,0,0,0,1225,0
Conley Hickman 2H,01-10-2024,-310.09,0,0,0,310.09,0
Cora Malone 1H,01-11-2023,-3926.39,1657.51,511.15,35963.37,29450.01,0
Cora Malone 1H,01-12-2023,20753.23,1700.88,580.3,36896.75,5432.49,0
Cora Malone 1H,01-01-2024,-13211.9,1621.41,536.86,35175.11,38175.84,8629.99
Cora Malone 1H,01-02-2024,5931.67,1877.77,592.65,40740.52,22982.33,3316.56
Cora Malone 1H,01-03-2024,3794.2,1673.54,498.2,36313.57,21977.94,0
Cora Malone 1H,01-04-2024,21888.79,2017,568.59,43770.47,9175.85,0
Cora Malone 1H,01-05-2024,8449.76,1860.9,564.73,40376.91,20206.15,0
Cora Malone 1H,01-06-2024,2206.65,1515.27,463.85,32877.6,21126.93,0
Cora Malone 1H,01-07-2024,8193.19,1814.32,542.12,39368.07,19746.8,0
Cora Malone 1H,01-08-2024,5967.24,1625.02,518.14,35256.16,19054.27,0
Cora Malone 1H,01-09-2024,1641.77,1432.5,500.11,31073.43,20411.11,0
Cora Malone 1H,01-10-2024,3111.05,1469.14,473.72,31873.56,19509.9,0
Cora Malone 3H,01-11-2023,-324.38,1031.05,317.96,22370.85,16201.19,0
Cora Malone 3H,01-12-2023,12669.64,1058.02,360.97,22951.45,3619.07,0
Cora Malone 3H,01-01-2024,-84.1,1008.59,333.95,21880.52,15612.94,0
Cora Malone 3H,01-02-2024,7401.91,1168.06,368.65,25342.45,10583.98,0
Cora Malone 3H,01-03-2024,3560.85,1041.02,309.91,22588.69,12470.76,0
Cora Malone 3H,01-04-2024,14770.8,1254.66,353.69,27227.22,4552.77,0
Cora Malone 3H,01-05-2024,2835.79,1157.57,351.29,25116.21,14989.44,0
Cora Malone 3H,01-06-2024,3607.66,942.57,288.54,20451.36,10906.92,0
Cora Malone 3H,01-07-2024,5908.14,1128.47,337.22,24488.8,11471.95,0
Cora Malone 3H,01-08-2024,4571.14,1010.84,322.31,21930.93,10993.38,0
Cora Malone 3H,01-09-2024,2079.26,891.08,311.09,19329.25,11638.77,0
Cora Malone 3H,01-10-2024,2706.69,913.8,294.68,19826.77,11364.62,0
Cora Malone 4H,01-11-2023,3826.26,2525.64,778.87,54799.4,35065.24,0
Cora Malone 4H,01-12-2023,32709.78,2591.72,884.23,56221.64,7190.83,0
Cora Malone 4H,01-01-2024,7184.16,2470.64,818.05,53598.29,30854.83,0
Cora Malone 4H,01-02-2024,22527.56,2861.26,903.05,62078.61,21530.11,0
Cora Malone 4H,01-03-2024,14839.01,2550.06,759.14,55333.03,24431.49,0
Cora Malone 4H,01-04-2024,43091.06,3073.41,866.39,66695.52,4243.96,0
Cora Malone 4H,01-05-2024,21803.76,2835.54,860.52,61524.66,21860.95,0
Cora Malone 4H,01-06-2024,13602.56,2308.9,706.79,50097.44,21952.05,0
Cora Malone 4H,01-07-2024,21403.67,2764.58,826.06,59987.34,21170.12,0
Cora Malone 4H,01-08-2024,16994.03,2476.14,789.53,53721.79,21132.71,0
Cora Malone 4H,01-09-2024,3815.7,2178.66,760.64,47261.07,29725.6,0
Cora Malone 4H,01-10-2024,7919.56,2238.62,721.83,48567.56,26549.12,0
Davis B Wilson 2H,01-11-2023,5187.71,1285.5,396.45,27893.47,14608.54,0
Davis B Wilson 2H,01-12-2023,7326.98,1038.18,354.2,22521.09,8656.3,0
Davis B Wilson 2H,01-01-2024,13969.05,1299.61,430.31,28193.91,6040.38,0
Davis B Wilson 2H,01-02-2024,10700.2,1127.6,355.88,24464.7,6662.65,0
Davis B Wilson 2H,01-03-2024,15133.14,1215.71,361.91,26379.37,3588.69,0
Davis B Wilson 2H,01-04-2024,13379.53,1230.67,346.92,26706.48,5574.48,0
Davis B Wilson 2H,01-05-2024,12845.63,1259.36,382.18,27324.81,6547.07,2323
Davis B Wilson 2H,01-06-2024,11767.29,1000.77,306.35,21714.18,3643.49,0
Davis B Wilson 2H,01-07-2024,6658.23,1520.04,454.19,32982.57,16749.87,8496.78
Davis B Wilson 2H,01-08-2024,11934.57,1158.77,369.48,25140.41,5907.77,0
Davis B Wilson 2H,01-09-2024,10132.38,962.73,336.11,20883.28,4688.58,0
Davis B Wilson 2H,01-10-2024,11539.88,1275.99,411.44,27683.07,8107.03,0
Davis B Wilson 3H,01-11-2023,7349.73,1472.44,454.08,31947.83,15323.9,0
Davis B Wilson 3H,01-12-2023,11838.33,1189.09,405.69,25794.56,6468.17,0
Davis B Wilson 3H,01-01-2024,15303.59,1488.51,492.86,32291.93,7614.03,0
Davis B Wilson 3H,01-02-2024,13637.69,1291.5,407.61,28020.68,6248.77,0
Davis B Wilson 3H,01-03-2024,16126.12,1392.42,414.52,30213.65,5316.98,0
Davis B Wilson 3H,01-04-2024,17133.89,1409.54,397.35,30588.3,4575.11,0
Davis B Wilson 3H,01-05-2024,16387.31,1442.34,437.73,31296.55,5824.22,2661.38
Davis B Wilson 3H,01-06-2024,12724.24,1146.23,350.88,24870.36,4926.49,0
Davis B Wilson 3H,01-07-2024,19753.47,1740.97,520.21,37776.63,7057.1,0
Davis B Wilson 3H,01-08-2024,15170.66,1327.2,423.18,28794.6,5265.1,0
Davis B Wilson 3H,01-09-2024,11105.97,1099.58,383.88,23851.76,5821.62,0
Davis B Wilson 3H,01-10-2024,16981.3,1461.46,471.24,31706.8,5521.16,0
Davis B Wilson 4H,01-11-2023,5415.4,1644.91,507.27,35690.11,19914.2,0
Davis B Wilson 4H,01-12-2023,9902.07,1328.37,453.21,28816.07,10548.74,0
Davis B Wilson 4H,01-01-2024,16732.15,1662.87,550.59,36074.53,8870.15,0
Davis B Wilson 4H,01-02-2024,12136.61,1442.78,455.36,31302.95,10079.35,0
Davis B Wilson 4H,01-03-2024,20039.17,1555.52,463.07,33752.8,3915.61,0
Davis B Wilson 4H,01-04-2024,16131.72,1574.65,443.89,34171.33,8120.23,0
Davis B Wilson 4H,01-05-2024,15113.98,1611.33,489,34962.5,9699.29,2972.08
Davis B Wilson 4H,01-06-2024,14689.04,1280.5,391.98,27783.62,5029.29,0
Davis B Wilson 4H,01-07-2024,14725.01,1944.91,581.14,42201.68,15225.98,3671.91
Davis B Wilson 4H,01-08-2024,14937.4,1482.66,472.75,32167.52,7892.19,0
Davis B Wilson 4H,01-09-2024,12471.09,1231.83,430.05,26720.47,6492.39,0
Davis B Wilson 4H,01-10-2024,13697.16,1632.65,526.44,35420.85,11441.18,0
Davis B Wilson 5H,01-11-2023,4881.22,2261.04,697.27,49058.39,29935.97,0
Davis B Wilson 5H,01-12-2023,9143.65,1825.94,622.96,39609.57,18967.42,0
Davis B Wilson 5H,01-01-2024,21204.21,2285.72,756.82,49586.79,13987.76,0
Davis B Wilson 5H,01-02-2024,15395.63,1983.2,625.92,43027.94,15141.64,0
Davis B Wilson 5H,01-03-2024,28273.83,2138.17,636.52,46395.42,4653.61,0
Davis B Wilson 5H,01-04-2024,19941.62,2164.47,610.16,46970.72,13394.29,0
Davis B Wilson 5H,01-05-2024,18137.49,2214.88,672.17,48058.22,15969.96,4086.02
Davis B Wilson 5H,01-06-2024,20673.17,1760.13,538.8,38190.39,6431.02,0
Davis B Wilson 5H,01-07-2024,23839.87,2673.4,798.82,58008.96,17329.81,0
Davis B Wilson 5H,01-08-2024,18169.86,2038.01,649.83,44216.36,13210.77,0
Davis B Wilson 5H,01-09-2024,16882.83,1688.51,589.49,36626.62,9111.1,0
Davis B Wilson 5H,01-10-2024,14027.88,2244.21,723.64,48688.82,20526.84,0
Floy Gray 1H,01-11-2023,23097.35,2949.29,909.52,63991.33,23669.35,0
Floy Gray 1H,01-12-2023,34271.86,2711.19,924.99,58813.21,8710.16,0
Floy Gray 1H,01-01-2024,30949.2,2789.84,923.74,60523.28,13282.62,0
Floy Gray 1H,01-02-2024,37482.64,2913.15,919.43,63204.38,8708.89,0
Floy Gray 1H,01-03-2024,35597.93,2754.76,820.08,59774.81,8087.4,0
Floy Gray 1H,01-04-2024,42088.63,3203.29,903,69513.95,8714.6,0
Floy Gray 1H,01-05-2024,32897.21,2648.86,803.86,57474.09,9106.59,0
Floy Gray 1H,01-06-2024,28055.76,2591.38,793.27,56226.53,13036.28,3287.2
Floy Gray 1H,01-07-2024,34552.08,2860.55,854.74,62069.83,10810.56,0
Floy Gray 1H,01-08-2024,34146.75,2786.6,888.52,60457.51,10037.19,0
Floy Gray 1H,01-09-2024,21095.02,1992.75,695.7,43226.13,10495.49,0
Floy Gray 1H,01-10-2024,27986.51,2651.25,854.89,57519.77,14050.46,3355.61
Floy Gray 2H,01-11-2023,1217.13,1264.47,389.94,27435.58,18833.63,0
Floy Gray 2H,01-12-2023,12619.1,1162.39,396.58,25215.52,5808.95,0
Floy Gray 2H,01-01-2024,10795.03,1196.12,396.05,25948.7,8168.87,0
Floy Gray 2H,01-02-2024,14131.47,1248.98,394.19,27098.19,5672.63,0
Floy Gray 2H,01-03-2024,13926.74,1181,351.6,25627.79,4802.9,0
Floy Gray 2H,01-04-2024,15894.63,1373.37,387.15,29803.35,5886.73,0
Floy Gray 2H,01-05-2024,11558.45,1135.68,344.65,24641.39,6450.21,0
Floy Gray 2H,01-06-2024,9976.62,1111.02,340.1,24106.51,7641.14,1409.6
Floy Gray 2H,01-07-2024,13020.71,1226.43,366.46,26611.76,6427.97,0
Floy Gray 2H,01-08-2024,12828.79,1194.72,380.94,25920.5,6114.62,0
Floy Gray 2H,01-09-2024,6986.92,854.37,298.28,18532.73,6557.16,0
Floy Gray 2H,01-10-2024,10003.44,1136.69,366.52,24660.97,8019.47,1438.92
Floyd Tiller 10H,01-11-2023,-7000.76,1817.61,560.52,39437.03,34989.65,0
Floyd Tiller 10H,01-12-2023,26460.34,2186.25,745.9,47425.96,7198.09,0
Floyd Tiller 10H,01-01-2024,-7678.68,2033.67,673.37,44118.66,38989.87,0
Floyd Tiller 10H,01-02-2024,10012.57,2065.87,652.02,44821.81,21797.95,0
Floyd Tiller 10H,01-03-2024,2971.25,1470.85,437.87,31915.59,19679.72,0
Floyd Tiller 10H,01-04-2024,-7972.69,1006.78,283.81,21847.94,23478.49,0
Floyd Tiller 10H,01-05-2024,11865.17,2460.85,746.81,53395.32,26030.08,0
Floyd Tiller 10H,01-06-2024,4155.25,1738.9,532.31,37730.03,22622.23,0
Floyd Tiller 10H,01-07-2024,12198.95,2319.83,693.11,50332.2,23522.26,0
Floyd Tiller 10H,01-08-2024,5159.59,1799.43,573.75,39040.04,22547.38,0
Floyd Tiller 10H,01-09-2024,1961.25,1693.07,591.08,36725.49,24102.87,0
Floyd Tiller 10H,01-10-2024,2537.87,1664.41,536.65,36107.96,23088.09,0
Floyd Tiller 12H,01-11-2023,-2590.3,305.33,94.16,6624.78,7277.36,0
Floyd Tiller 12H,01-12-2023,3306.43,367.26,125.3,7966.8,2329.8,0
Floyd Tiller 12H,01-01-2024,-2673.24,341.62,113.11,7411.22,7916.48,0
Floyd Tiller 12H,01-02-2024,562,347.03,109.53,7529.34,4764.73,0
Floyd Tiller 12H,01-03-2024,-608.83,247.08,73.55,5361.3,4401.9,0
Floyd Tiller 12H,01-04-2024,-2446.86,169.12,47.68,3670.1,5043.46,0
Floyd Tiller 12H,01-05-2024,827.35,413.46,125.45,8969.48,5518.52,0
Floyd Tiller 12H,01-06-2024,-966.26,292.11,89.42,6338.04,5450.47,0
Floyd Tiller 12H,01-07-2024,959.63,389.66,116.43,8454.99,5022.29,0
Floyd Tiller 12H,01-08-2024,-560.67,302.27,96.38,6558.1,5200.53,0
Floyd Tiller 12H,01-09-2024,-764.74,283.76,99.01,6151.49,5116.74,0
Floyd Tiller 12H,01-10-2024,-684.08,279.55,90.1,6062.27,4973.02,0
Floyd Tiller 1H,01-11-2023,939.75,152.84,47.13,3316.14,1413.67,0
Floyd Tiller 1H,01-12-2023,3671.58,290.07,98.97,6292.47,794.23,0
Floyd Tiller 1H,01-01-2024,2406.58,215.44,71.34,4673.84,910.42,0
Floyd Tiller 1H,01-02-2024,4124.79,304.26,96.03,6601.22,560.16,0
Floyd Tiller 1H,01-03-2024,2798.28,277.13,82.5,6013.3,1469.3,0
Floyd Tiller 1H,01-04-2024,4101.81,341.65,96.31,7414.12,1159.95,0
Floyd Tiller 1H,01-05-2024,3474.68,247.22,75.01,5362.96,331.43,0
Floyd Tiller 1H,01-06-2024,3505.31,230.32,70.5,4997.34,41.43,0
Floyd Tiller 1H,01-07-2024,0,0,0,0,0,0
Floyd Tiller 1H,01-08-2024,0,0,0,0,0,0
Floyd Tiller 1H,01-09-2024,0,0,0,0,0,0
Floyd Tiller 1H,01-10-2024,0,0,0,0,0,0
Floyd Tiller 3H,01-11-2023,-3282.69,724.01,223.27,15708.95,14431.43,0
Floyd Tiller 3H,01-12-2023,10644.32,933.5,318.49,20250.14,3727.26,0
Floyd Tiller 3H,01-01-2024,-2132.33,908.25,300.73,19703.64,16116.15,0
Floyd Tiller 3H,01-02-2024,9007.43,1195.26,377.24,25932.6,9397.32,0
Floyd Tiller 3H,01-03-2024,13111.19,1396.66,415.78,30305.68,8397.12,0
Floyd Tiller 3H,01-04-2024,15246.28,1667.26,470,36180.89,10431.82,0
Floyd Tiller 3H,01-05-2024,6100.85,1107.1,335.98,24021.45,10947.43,0
Floyd Tiller 3H,01-06-2024,584.71,982.15,300.65,21310.25,14539.35,0
Floyd Tiller 3H,01-07-2024,7341.37,1273.33,380.47,27629.48,12267.6,0
Floyd Tiller 3H,01-08-2024,4143.27,933.08,297.48,20241.6,10222.27,0
Floyd Tiller 3H,01-09-2024,2795.11,873.22,304.86,18941.57,10647.82,0
Floyd Tiller 3H,01-10-2024,3638.83,906.88,292.42,19675.1,10324.78,0
Floyd Tiller 5H,01-11-2023,-822.97,348.91,107.6,7570.32,6178.78,0
Floyd Tiller 5H,01-12-2023,4677.92,449.86,153.48,9758.78,2226.25,0
Floyd Tiller 5H,01-01-2024,1101.34,437.69,144.92,9495.41,5616.54,0
Floyd Tiller 5H,01-02-2024,5070.86,576.01,181.8,12497.22,3770.86,0
Floyd Tiller 5H,01-03-2024,5632.57,673.07,200.37,14604.65,4700.26,0
Floyd Tiller 5H,01-04-2024,8307.48,803.47,226.5,17435.98,4028.45,0
Floyd Tiller 5H,01-05-2024,3640.15,533.55,161.91,11576.11,4549.94,0
Floyd Tiller 5H,01-06-2024,3019.35,473.31,144.89,10269.65,4246.46,0
Floyd Tiller 5H,01-07-2024,5040.59,613.63,183.35,13314.89,4379.68,0
Floyd Tiller 5H,01-08-2024,2273.87,449.72,143.36,9754.68,4627.46,0
Floyd Tiller 5H,01-09-2024,1839.19,420.81,146.91,9128.16,4618.84,0
Floyd Tiller 5H,01-10-2024,2310.85,437.04,140.92,9481.65,4397.34,0
Floyd Tiller 6H,01-11-2023,1427.83,933.41,287.85,20252.34,12900.63,0
Floyd Tiller 6H,01-12-2023,13634.58,1122.72,383.04,24354.95,3596.49,0
Floyd Tiller 6H,01-01-2024,7416.63,1044.36,345.8,22656.53,8612.72,0
Floyd Tiller 6H,01-02-2024,10619.15,1060.9,334.83,23017.63,5665.76,0
Floyd Tiller 6H,01-03-2024,6083.17,755.34,224.86,16389.81,5512.52,0
Floyd Tiller 6H,01-04-2024,-4420.88,517.02,145.75,11219.71,12358.88,0
Floyd Tiller 6H,01-05-2024,11440.75,1263.65,383.52,27420.33,7959.26,0
Floyd Tiller 6H,01-06-2024,7476.5,892.99,273.36,19375.74,6231.95,0
Floyd Tiller 6H,01-07-2024,12044.53,1191.2,355.93,25847.4,6242.63,0
Floyd Tiller 6H,01-08-2024,7961.76,924.07,294.64,20048.48,6222.47,0
Floyd Tiller 6H,01-09-2024,6790.14,869.43,303.54,18859.51,6552.76,0
Floyd Tiller 6H,01-10-2024,7182.89,854.85,275.59,18542.2,5935.55,0
Floyd Tiller 7H,01-11-2023,-6603.58,1048.71,323.41,22754.17,22752.38,0
Floyd Tiller 7H,01-12-2023,15967.71,1990.37,679.06,43176.62,14674.88,0
Floyd Tiller 7H,01-01-2024,6572.1,1478.29,489.49,32070.15,16188.22,0
Floyd Tiller 7H,01-02-2024,19541.65,2087.69,658.92,45295.15,12604.84,0
Floyd Tiller 7H,01-03-2024,23292.93,1901.54,566.1,41261.04,5990.76,0
Floyd Tiller 7H,01-04-2024,24321.73,2344.29,660.85,50872.97,11783.61,0
Floyd Tiller 7H,01-05-2024,14243.64,1695.95,514.68,36798.38,11872.56,0
Floyd Tiller 7H,01-06-2024,14991.65,1580.35,483.8,34289.91,9344.18,0
Floyd Tiller 7H,01-07-2024,26159.5,2679.53,800.65,58141.93,15104.5,0
Floyd Tiller 7H,01-08-2024,17638.38,2039.14,650.19,44240.95,13759.73,0
Floyd Tiller 7H,01-09-2024,14914.38,1973.75,689.09,42813.92,15470.8,0
Floyd Tiller 7H,01-10-2024,-5231.51,1454.06,468.84,31545.2,27619.25,3986
Floyd Tiller 9H,01-11-2023,1493.33,737.84,227.54,16009.12,9833.09,0
Floyd Tiller 9H,01-12-2023,11492.65,951.34,324.57,20637.08,3107.82,0
Floyd Tiller 9H,01-01-2024,7327.07,925.63,306.48,20080.14,6879.58,0
Floyd Tiller 9H,01-02-2024,14073.34,1218.13,384.45,26428.11,4624.65,0
Floyd Tiller 9H,01-03-2024,11633.9,1423.35,423.72,30884.75,10217.09,5686.54
Floyd Tiller 9H,01-04-2024,21076.65,1699.12,478.98,36872.22,5010.72,0
Floyd Tiller 9H,01-05-2024,11227.43,1128.27,342.39,24480.3,6092.41,0
Floyd Tiller 9H,01-06-2024,10098.23,1000.92,306.4,21717.44,5266.97,0
Floyd Tiller 9H,01-07-2024,12792.93,1297.66,387.74,28157.28,7128.41,1052.82
Floyd Tiller 9H,01-08-2024,8831.66,950.8,303.17,20628.42,5762.9,0
Floyd Tiller 9H,01-09-2024,7584.4,889.91,310.68,19303.5,6072.6,0
Floyd Tiller 9H,01-10-2024,8817,924.21,298.01,20051.04,5369.05,0
J.B. Northcutt 2H,01-11-2023,5426.67,1385.42,427.24,30059.8,15907.02,0
J.B. Northcutt 2H,01-12-2023,-12843.93,990.39,337.9,21484.84,28091.92,22116.13
J.B. Northcutt 2H,01-01-2024,-4865.91,1299.54,430.29,28192.32,24874.27,4320.24
J.B. Northcutt 2H,01-02-2024,9480.74,1387.16,437.8,30096.13,11878.75,0
J.B. Northcutt 2H,01-03-2024,5226.82,1152.1,342.97,24998.99,12515.24,0
J.B. Northcutt 2H,01-04-2024,9219.37,1419.92,400.27,30813.5,12649.46,0
J.B. Northcutt 2H,01-05-2024,9919.1,1286.51,390.43,27914.48,9892.11,0
J.B. Northcutt 2H,01-06-2024,-426.46,1161.14,355.42,25191.91,18305.35,0
J.B. Northcutt 2H,01-07-2024,1601.93,1201.69,359.07,26074.96,16903.73,5613.36
J.B. Northcutt 2H,01-08-2024,5908.61,1126.52,359.16,24438.36,11435.4,0
J.B. Northcutt 2H,01-09-2024,5651.42,1083.84,378.39,23510.39,11033.87,0
J.B. Northcutt 2H,01-10-2024,6658.05,1188.01,383.07,25774.18,11634.05,0
J.B. Northcutt 6H,01-11-2023,2019.91,998.09,307.8,21655.84,13349.49,0
J.B. Northcutt 6H,01-12-2023,6509.37,713.52,243.44,15478.22,4475.6,0
J.B. Northcutt 6H,01-01-2024,-4168.54,936.22,309.99,20310.46,18582.97,3112.42
J.B. Northcutt 6H,01-02-2024,6146.34,999.34,315.41,21682.02,9241.7,0
J.B. Northcutt 6H,01-03-2024,3366.95,830,247.09,18009.9,9414.73,0
J.B. Northcutt 6H,01-04-2024,5952.2,1022.95,288.37,22198.83,9802.54,0
J.B. Northcutt 6H,01-05-2024,6715.63,927.03,281.27,20110.46,7556.84,0
J.B. Northcutt 6H,01-06-2024,1433.22,836.52,256.05,18148.8,11447.12,0
J.B. Northcutt 6H,01-07-2024,677.55,865.73,258.68,18785.06,12654.43,4035.63
J.B. Northcutt 6H,01-08-2024,3453.45,811.5,258.75,17606.36,9041.9,0
J.B. Northcutt 6H,01-09-2024,3689.2,779.83,272.25,16915.76,8315.92,0
J.B. Northcutt 6H,01-10-2024,4504.12,857.01,276.34,18593.23,8691.59,0
J.B. Northcutt A 3H,01-11-2023,48.8,582.45,179.62,12637.63,8992.65,0
J.B. Northcutt A 3H,01-12-2023,14183,1099.49,375.12,23851.07,2880.71,0
J.B. Northcutt A 3H,01-01-2024,3467.51,1138.93,377.11,24708.06,14209.32,1936.38
J.B. Northcutt A 3H,01-02-2024,3485,601.75,189.92,13055.73,5855.46,0
J.B. Northcutt A 3H,01-03-2024,9099.15,983.96,292.92,21350.65,6176.01,0
J.B. Northcutt A 3H,01-04-2024,9715.39,1053.72,297.04,22866.49,6644.18,0
J.B. Northcutt A 3H,01-05-2024,8454.13,895.3,271.69,19425.18,5443.28,0
J.B. Northcutt A 3H,01-06-2024,2450.61,698.45,213.78,15152.53,8389.95,0
J.B. Northcutt A 3H,01-07-2024,5640.39,1107.89,331.04,24039.59,11558.33,4146.4
J.B. Northcutt A 3H,01-08-2024,3576.68,681.63,217.34,14788.49,7003.43,0
J.B. Northcutt A 3H,01-09-2024,8499.97,994.37,347.13,21568.19,6930.33,0
J.B. Northcutt A 3H,01-10-2024,797.84,521.05,168.01,11304.3,7289.61,0
J.L. New 1H,01-11-2023,8532.58,2367.59,730.13,51370.19,30646.9,0
J.L. New 1H,01-12-2023,27779.75,2166.48,739.15,46997.01,8064.02,0
J.L. New 1H,01-01-2024,34902.44,2878.45,953.08,62445.33,12723.61,0
J.L. New 1H,01-02-2024,30393.61,2380.96,751.46,51657.83,9005.11,0
J.L. New 1H,01-03-2024,30106.16,2320.43,690.78,50350.27,8295.55,0
J.L. New 1H,01-04-2024,42848.35,3017.27,850.56,65477.12,7090.69,0
J.L. New 1H,01-05-2024,23094.51,2333.6,708.2,50634.45,15523.89,0
J.L. New 1H,01-06-2024,29538.54,2419.99,740.8,52507.75,10508.55,0
J.L. New 1H,01-07-2024,35119.39,2756.78,823.73,59817.96,10503.24,0
J.L. New 1H,01-08-2024,25658.48,2192.73,699.16,47573.02,10624.79,0
J.L. New 1H,01-09-2024,25156.2,2186.45,763.33,47427.9,11016.07,0
J.L. New 1H,01-10-2024,31888.51,2538.35,818.48,55070.21,10112.74,0
Mary B Johnson 1BH,01-11-2023,20557.35,2144.87,661.45,46537.75,12578.77,0
Mary B Johnson 1BH,01-12-2023,25604.45,2076.82,708.56,45051.96,6473.16,0
Mary B Johnson 1BH,01-01-2024,20584.25,2010.64,665.74,43619.13,10473.38,0
Mary B Johnson 1BH,01-02-2024,28657.38,2257.97,712.64,48989.42,6224.23,0
Mary B Johnson 1BH,01-03-2024,28198.66,2179.82,648.92,47336.5,5511.07,0
Mary B Johnson 1BH,01-04-2024,32475.99,2515.71,709.17,54592.89,6400.21,0
Mary B Johnson 1BH,01-05-2024,26913.91,2155.07,653.99,46759.08,6383.33,0
Mary B Johnson 1BH,01-06-2024,17037.16,1776.43,543.7,38537.33,10405.14,2489.91
Mary B Johnson 1BH,01-07-2024,26581.85,2241.36,669.65,48629.04,8046.92,0
Mary B Johnson 1BH,01-08-2024,23379.57,2012.07,641.56,43653.43,7706.03,0
Mary B Johnson 1BH,01-09-2024,17791.7,1700.39,593.64,36884.29,8473.37,0
Mary B Johnson 1BH,01-10-2024,19221.55,1954.45,630.2,42402.29,10973.12,2541.73
Mary B Johnson 4H,01-11-2023,2573.73,1047.43,323.01,22726.28,13555.53,0
Mary B Johnson 4H,01-12-2023,6936.61,1014.19,346.02,22000.71,8677.52,0
Mary B Johnson 4H,01-01-2024,5675.12,981.88,325.11,21300.99,9442.38,0
Mary B Johnson 4H,01-02-2024,9433.87,1102.66,348.01,23923.52,7544.76,0
Mary B Johnson 4H,01-03-2024,13781.17,1064.49,316.89,23118.13,2628.59,0
Mary B Johnson 4H,01-04-2024,10460.6,1228.52,346.32,26659.93,8462.45,0
Mary B Johnson 4H,01-05-2024,7966.67,1052.37,319.37,22834.2,8240.79,0
Mary B Johnson 4H,01-06-2024,6186.02,867.35,265.51,18819.3,7171.79,1217.21
Mary B Johnson 4H,01-07-2024,7445.59,1094.43,327.02,23747.52,9410.27,0
Mary B Johnson 4H,01-08-2024,7718.07,982.71,313.3,21318.08,7413.15,0
Mary B Johnson 4H,01-09-2024,4155.73,830.39,289.88,18011.1,8628.16,0
Mary B Johnson 4H,01-10-2024,4745.18,972.43,313.56,21097.23,10229.3,1242.53
Mary B Johnson 5H,01-11-2023,2408.98,960.44,296.19,20838.97,12380.57,0
Mary B Johnson 5H,01-12-2023,7753.88,929.97,317.28,20173.66,6563.44,0
Mary B Johnson 5H,01-01-2024,5041.66,900.34,298.11,19532.05,8820.15,0
Mary B Johnson 5H,01-02-2024,8891.02,1011.09,319.11,21936.79,6677.86,0
Mary B Johnson 5H,01-03-2024,10278.9,976.09,290.58,21204.59,4772.8,0
Mary B Johnson 5H,01-04-2024,14629.66,1126.5,317.56,24445.95,2721.89,-4005.26
Mary B Johnson 5H,01-05-2024,7233.88,964.97,292.85,20937.93,7627.74,0
Mary B Johnson 5H,01-06-2024,3998.43,795.32,243.46,17256.45,8250.06,1115.47
Mary B Johnson 5H,01-07-2024,7188.12,1003.54,299.86,21775.41,8267.94,0
Mary B Johnson 5H,01-08-2024,6487.1,901.28,287.28,19547.55,7387.29,0
Mary B Johnson 5H,01-09-2024,4057.67,761.14,265.73,16510.49,7661.16,0
Mary B Johnson 5H,01-10-2024,4939.81,874.9,282.1,18980.71,8532.43,1138.68
Mary B Johnson 6H,01-11-2023,-343.58,2129.65,656.75,46207.47,33137.39,13417.39
Mary B Johnson 6H,01-12-2023,17539.02,2062.08,703.53,44732.23,14207.53,0
Mary B Johnson 6H,01-01-2024,14729.53,1996.37,661.02,43309.55,16007.49,0
Mary B Johnson 6H,01-02-2024,21424.87,2241.94,707.58,48641.73,13096.54,0
Mary B Johnson 6H,01-03-2024,26532.74,2164.35,644.32,47004.63,6832.19,0
Mary B Johnson 6H,01-04-2024,23955.63,2497.85,704.14,54205.44,14519.16,0
Mary B Johnson 6H,01-05-2024,17516.94,2139.88,649.35,46427.25,15436.58,0
Mary B Johnson 6H,01-06-2024,15451.11,1763.73,539.84,38263.79,11708,2031.15
Mary B Johnson 6H,01-07-2024,14298.84,2225.21,664.9,48283.89,19972.77,4694.05
Mary B Johnson 6H,01-08-2024,18000.32,1997.79,637,43343.62,12764.51,0
Mary B Johnson 6H,01-09-2024,11171.75,1694.9,591.6,36758.03,14918.16,0
Mary B Johnson 6H,01-10-2024,11792.98,1839.79,593.19,39912.44,16536.26,2073.41
Mary B Johnson 7H,01-11-2023,3553.22,966.24,297.97,20964.79,11326.01,0
Mary B Johnson 7H,01-12-2023,8608.8,935.59,319.2,20295.46,5794.94,0
Mary B Johnson 7H,01-01-2024,7228.65,905.77,299.91,19649.98,6716.99,0
Mary B Johnson 7H,01-02-2024,10357.47,1017.19,321.04,22069.24,5305.36,0
Mary B Johnson 7H,01-03-2024,18241.81,981.99,292.33,21329.08,-3101.86,0
Mary B Johnson 7H,01-04-2024,12036.88,1133.3,319.47,24593.55,5419.55,0
Mary B Johnson 7H,01-05-2024,9278.79,970.88,294.62,21064.57,5672.6,0
Mary B Johnson 7H,01-06-2024,13203.64,800.19,244.93,17360.88,-881.1,1122.86
Mary B Johnson 7H,01-07-2024,8645.31,1009.6,301.67,21906.88,6903.98,0
Mary B Johnson 7H,01-08-2024,8941.33,906.65,289.01,19665.48,5016.82,0
Mary B Johnson 7H,01-09-2024,7786.45,770.11,268.86,16704.91,4070.41,0
Mary B Johnson 7H,01-10-2024,3614.41,897.63,289.38,19470.49,10205.32,1146.23
Merriweather South 5H,01-11-2023,-3872.83,1157.84,357.06,25121.89,21702.08,0
Merriweather South 5H,01-12-2023,12444.96,1083.9,369.8,23512.81,4242.08,0
Merriweather South 5H,01-01-2024,2147.97,1643.59,544.21,35656.37,23157.53,0
Merriweather South 5H,01-02-2024,3911.55,1190.26,375.66,25824.11,14416.03,0
Merriweather South 5H,01-03-2024,6946.39,1153.47,343.38,25028.62,10816.69,0
Merriweather South 5H,01-04-2024,10437.03,1336.8,376.84,29009.6,10151.45,0
Merriweather South 5H,01-05-2024,13031.28,1660.91,504.05,36038.26,12545.4,0
Merriweather South 5H,01-06-2024,5470,1193.33,365.3,25892.39,12906.07,0
Merriweather South 5H,01-07-2024,4953.08,1205.35,360.16,26154.24,13608.86,0
Merriweather South 5H,01-08-2024,12416.27,1634.88,521.29,35470.19,12757.2,0
Merriweather South 5H,01-09-2024,1868.95,938.82,327.76,20364.77,12583.98,0
Merriweather South 5H,01-10-2024,5681.94,1311.22,422.8,28447.46,14507.5,0
Mose Baggett A 1H,01-11-2023,5004.11,1179.24,363.66,25586.25,13154.77,0
Mose Baggett A 1H,01-12-2023,7126.19,1022.85,348.97,22188.39,8621.01,0
Mose Baggett A 1H,01-01-2024,12242.07,1583.83,524.42,34359.75,12143.18,0
Mose Baggett A 1H,01-02-2024,11468.4,1314.61,414.91,28522.28,8774.01,0
Mose Baggett A 1H,01-03-2024,14093.7,1378.6,410.4,29913.64,7136.34,0
Mose Baggett A 1H,01-04-2024,9121.71,1163.58,328.01,25250.6,8799.01,0
Mose Baggett A 1H,01-05-2024,14014.16,1518.49,460.81,32946.63,9368.37,0
Mose Baggett A 1H,01-06-2024,3361.24,1014.22,310.47,22006.05,12256.71,0
Mose Baggett A 1H,01-07-2024,11734.14,1510.56,451.36,32777.05,11528.16,0
Mose Baggett A 1H,01-08-2024,7450.25,1118.26,356.56,24261.45,9768.29,0
Mose Baggett A 1H,01-09-2024,-26290.1,919.29,320.94,19940.94,40442.2,29744.94
Mose Baggett A 1H,01-10-2024,-1556.69,1363.58,439.68,29583.21,22552.07,12433.23
Moses Baggett 2H,01-11-2023,11508.38,2596.61,800.76,56339.3,28798.58,0
Moses Baggett 2H,01-12-2023,2417.71,2220.69,757.64,48172.88,32046.46,0
Moses Baggett 2H,01-01-2024,23931.46,2857.3,946.08,61986.73,20415.7,0
Moses Baggett 2H,01-02-2024,-28903.64,2218.48,700.18,48132.72,63339.39,41414.44
Moses Baggett 2H,01-03-2024,26826.8,2701.62,804.26,58621.58,15113.25,0
Moses Baggett 2H,01-04-2024,22967.29,2996.01,844.57,65015.9,23547.6,0
Moses Baggett 2H,01-05-2024,15049.03,2827.21,857.99,61344.4,28838.85,4292.82
Moses Baggett 2H,01-06-2024,19626.91,2558.51,783.2,55513.36,20089.27,0
Moses Baggett 2H,01-07-2024,27910.15,3103.24,927.26,67335.78,20264.25,0
Moses Baggett 2H,01-08-2024,19908.74,2470.51,787.7,53597.8,18436.73,0
Moses Baggett 2H,01-09-2024,-51826.04,1841.74,642.98,39950.29,80407.4,68655.05
Moses Baggett 2H,01-10-2024,-23278.83,2062.08,664.87,44734.75,55283.31,28697.46
Moses Baggett 3H,01-11-2023,1405.98,1563.35,482.11,33920.35,22861.94,0
Moses Baggett 3H,01-12-2023,2246.94,1337.02,456.16,29003.57,18502.98,0
Moses Baggett 3H,01-01-2024,11663.81,1720.3,569.61,37320.51,15036.41,0
Moses Baggett 3H,01-02-2024,3822.05,1335.69,421.56,28979.39,16910.71,0
Moses Baggett 3H,01-03-2024,15739.6,1626.57,484.22,35294.45,9511.3,0
Moses Baggett 3H,01-04-2024,10433.1,1803.82,508.49,39144.29,17572.17,0
Moses Baggett 3H,01-05-2024,5316.24,1702.18,516.58,36933.78,21107.39,2584.49
Moses Baggett 3H,01-06-2024,9541.97,1540.48,471.55,33423.01,14369.93,0
Moses Baggett 3H,01-07-2024,13507.78,1868.37,558.27,40541.04,15496.71,0
Moses Baggett 3H,01-08-2024,9229.72,1487.28,474.26,32270,13857.32,0
Moses Baggett 3H,01-09-2024,-32084.59,1107.5,386.65,24023.6,49271.7,41313.18
Moses Baggett 3H,01-10-2024,-19478.07,1241.45,400.3,26933.62,38747.14,17268.69
Moses Watson 1H,01-11-2023,5777.41,1623.25,500.58,35219.92,19218.62,0
Moses Watson 1H,01-12-2023,18214.45,1461.11,498.5,31695.56,4280.05,0
Moses Watson 1H,01-01-2024,6443.2,1624.27,537.81,35237.12,18564.81,0
Moses Watson 1H,01-02-2024,16817.41,1988.14,627.48,43135.08,13795.82,0
Moses Watson 1H,01-03-2024,13350.3,1661.68,494.67,36056.34,12239.36,0
Moses Watson 1H,01-04-2024,15049.85,1916.19,540.17,41583.06,14462.31,0
Moses Watson 1H,01-05-2024,11411.66,1764.13,535.38,38277.96,15754.6,0
Moses Watson 1H,01-06-2024,12695.27,1820.38,557.25,39497.84,15336.71,0
Moses Watson 1H,01-07-2024,12298.43,1698.79,507.6,36861.27,13862.42,0
Moses Watson 1H,01-08-2024,10449.17,1546.17,492.97,33543.16,13356.59,0
Moses Watson 1H,01-09-2024,6636.16,1551.72,541.73,33659.51,17252.02,3330.43
Moses Watson 1H,01-10-2024,6453.54,1478.34,476.69,32073.1,16308.94,824.11
Moses Watson 2H,01-11-2023,-7079.94,1097.26,338.38,23807.46,23976.25,0
Moses Watson 2H,01-12-2023,11696.38,987.66,336.97,21425.11,3509.06,0
Moses Watson 2H,01-01-2024,-12094.08,1097.95,363.54,23819.08,28998.65,0
Moses Watson 2H,01-02-2024,3336.82,1343.91,424.16,29157.83,17356.75,0
Moses Watson 2H,01-03-2024,-13.59,1123.24,334.38,24372.84,17311.22,0
Moses Watson 2H,01-04-2024,2258.8,1295.28,365.14,28108.72,17690.45,0
Moses Watson 2H,01-05-2024,-304.56,1192.49,361.9,25874.58,18668.11,0
Moses Watson 2H,01-06-2024,-29881.95,1230.52,376.68,26699.18,48830.57,30746.15
Moses Watson 2H,01-07-2024,-17414.19,1148.32,343.12,24916.95,35098.09,19158.45
Moses Watson 2H,01-08-2024,1149.56,1045.17,333.23,22674.08,14942.3,0
Moses Watson 2H,01-09-2024,-1001.72,1048.91,366.19,22752.67,17149.29,1714.68
Moses Watson 2H,01-10-2024,-1141.67,999.31,322.22,21680.31,16528.33,424.3
Moses Watson 3H,01-11-2023,13529.34,2671.17,823.75,57956.9,27603.21,0
Moses Watson 3H,01-12-2023,30570.84,2404.37,820.31,52157.31,6445.35,0
Moses Watson 3H,01-01-2024,2659.77,2672.85,885.01,57985.21,38492.57,0
Moses Watson 3H,01-02-2024,24105.26,3271.62,1032.56,70981.86,26271.09,0
Moses Watson 3H,01-03-2024,18702.4,2734.42,814.02,59333.29,23407.13,0
Moses Watson 3H,01-04-2024,22090.08,3153.23,888.89,68427.9,26474.25,0
Moses Watson 3H,01-05-2024,15513.39,2903.01,881,62989.12,29190.7,0
Moses Watson 3H,01-06-2024,17353.15,2995.56,917,64996.68,28775.68,0
Moses Watson 3H,01-07-2024,-8100.98,2795.48,835.3,60657.85,51150.52,28050.4
Moses Watson 3H,01-08-2024,14533.2,2544.17,811.22,55197.82,24641.11,0
Moses Watson 3H,01-09-2024,8448.85,2553.47,891.46,55389.14,30860.87,5480.89
Moses Watson 3H,01-10-2024,8533.03,2432.72,784.42,52778.57,28924.23,1356.24
Northcutt Dye 1H,01-11-2023,1960.74,683.22,210.7,14824.04,8559.92,0
Northcutt Dye 1H,01-12-2023,3009.64,617.21,210.58,13388.91,6492.44,0
Northcutt Dye 1H,01-01-2024,1369.92,559.21,185.16,12131.65,7262.07,0
Northcutt Dye 1H,01-02-2024,4353.26,686.18,216.57,14887.52,6239.68,0
Northcutt Dye 1H,01-03-2024,6426.19,602.2,179.27,13066.99,2871.6,0
Northcutt Dye 1H,01-04-2024,4308.82,699.96,197.32,15189.65,6499.27,0
Northcutt Dye 1H,01-05-2024,3705.43,674.3,204.64,14630.97,6705.08,0
Northcutt Dye 1H,01-06-2024,2180.13,644.61,197.3,13984.27,7770.2,784.35
Northcutt Dye 1H,01-07-2024,970.21,564.98,168.79,12256.73,7750.91,0
Northcutt Dye 1H,01-08-2024,3358.38,661.41,210.89,14349.91,6852.1,0
Northcutt Dye 1H,01-09-2024,402.82,513.71,179.35,11143.25,7525.92,0
Northcutt Dye 1H,01-10-2024,737.33,546.16,176.11,11849.09,7693.77,800.67
Northcutt Dye 2H,01-11-2023,17534.01,1778.64,548.51,38591.59,9854.77,0
Northcutt Dye 2H,01-12-2023,17224.13,1606.78,548.19,34855.49,7512.64,0
Northcutt Dye 2H,01-01-2024,12968.7,1455.81,482.03,31582.46,9503.42,0
Northcutt Dye 2H,01-02-2024,20576.27,1786.34,563.79,38756.83,7000.81,0
Northcutt Dye 2H,01-03-2024,20332.02,1567.72,466.7,34017.42,3872.79,0
Northcutt Dye 2H,01-04-2024,20824.03,1822.21,513.68,39543.39,7312.95,0
Northcutt Dye 2H,01-05-2024,19541.73,1755.42,532.73,38088.96,7560.25,0
Northcutt Dye 2H,01-06-2024,16382.24,1677.89,513.63,36406.03,9522.25,2042.24
Northcutt Dye 2H,01-07-2024,11745.95,1470.6,439.4,31908.27,10958.14,2139.66
Northcutt Dye 2H,01-08-2024,-29767.3,1181.3,376.66,25629.24,48003.52,40802.81
Northcutt Dye 2H,01-09-2024,11362.9,1337.35,466.89,29009.41,9278.23,0
Northcutt Dye 2H,01-10-2024,10651.83,1421.82,458.46,30846.84,11296.91,2084.74
Northcutt Dye 3H,01-11-2023,7679.71,1060.65,327.09,23013.13,8652.98,0
Northcutt Dye 3H,01-12-2023,7570.08,958.16,326.9,20785.2,7181.2,0
Northcutt Dye 3H,01-01-2024,5629.98,868.14,287.45,18833.41,7770.58,0
Northcutt Dye 3H,01-02-2024,10106.88,1065.24,336.2,23111.67,6338.07,0
Northcutt Dye 3H,01-03-2024,11295.87,934.87,278.31,20285.44,3138.24,0
Northcutt Dye 3H,01-04-2024,10414.98,1086.63,306.32,23580.71,6363.85,0
Northcutt Dye 3H,01-05-2024,9474.58,1046.8,317.68,22713.4,6687,0
Northcutt Dye 3H,01-06-2024,8135.07,1000.57,306.29,21709.83,7312.37,1206.11
Northcutt Dye 3H,01-07-2024,5189.71,876.92,262.03,19027.85,8349.43,725.82
Northcutt Dye 3H,01-08-2024,8669.78,1024.43,326.64,22225.88,7144.8,0
Northcutt Dye 3H,01-09-2024,5726.55,883.26,308.36,19159.4,7905.92,0
Northcutt Dye 3H,01-10-2024,4231.6,847.87,273.39,18394.78,8857.1,1231.2
R.W. Carter 4BH,01-11-2023,3616.47,583.55,179.96,12661.55,5575.68,0
R.W. Carter 4BH,01-12-2023,2985.49,545.32,186.05,11829.52,5602.53,0
R.W. Carter 4BH,01-01-2024,6313.5,825.86,273.45,17916.3,6693.44,0
R.W. Carter 4BH,01-02-2024,7980.54,893.09,281.87,19376.67,6086.69,0
R.W. Carter 4BH,01-03-2024,5240.28,566.21,168.56,12286.17,3679.39,0
R.W. Carter 4BH,01-04-2024,5987.97,740.23,208.67,16063.67,5674.19,0
R.W. Carter 4BH,01-05-2024,7909.68,917.79,278.53,19914.17,6547.82,0
R.W. Carter 4BH,01-06-2024,4873.08,683.01,209.08,14819.55,5885.74,0
R.W. Carter 4BH,01-07-2024,2584.53,612.11,182.9,13281.91,7058.04,0
R.W. Carter 4BH,01-08-2024,5974.78,817.27,260.59,17731.35,6897.94,0
R.W. Carter 4BH,01-09-2024,-68.58,449.3,156.86,9746.17,7144.11,0
R.W. Carter 4BH,01-10-2024,6707.04,856.27,276.1,18576.97,6779.58,0
R.W. Carter 5BH,01-11-2023,2232,581.09,179.2,12608.08,6731.28,0
R.W. Carter 5BH,01-12-2023,8276.29,927.27,316.36,20114.96,6023.61,0
R.W. Carter 5BH,01-01-2024,3131.05,612.94,202.95,13297.18,6322.05,0
R.W. Carter 5BH,01-02-2024,8532.34,901.39,284.49,19556.78,5370.83,0
R.W. Carter 5BH,01-03-2024,7520.63,721.78,214.87,15661.66,3613.52,0
R.W. Carter 5BH,01-04-2024,4834.58,636.4,179.4,13810.42,4983.57,0
R.W. Carter 5BH,01-05-2024,5685.97,743.51,225.64,16132.67,5782.99,0
R.W. Carter 5BH,01-06-2024,8159.06,853.75,261.35,18524.43,5010.24,0
R.W. Carter 5BH,01-07-2024,1682.44,580.95,173.59,12605.83,7279.25,0
R.W. Carter 5BH,01-08-2024,5202.59,704.96,224.78,15294.73,5670.64,0
R.W. Carter 5BH,01-09-2024,5669.48,777.68,271.5,16869.08,6322.85,0
R.W. Carter 5BH,01-10-2024,7172.88,851.96,274.71,18483.45,5967.23,0
Salt Flat Field,01-11-2023,0,0,0,0,0,0
Salt Flat Field,01-12-2023,0,0,0,0,0,0
Salt Flat Field,01-01-2024,0,0,0,0,0,0
Salt Flat Field,01-02-2024,0,0,0,0,0,0
Salt Flat Field,01-03-2024,-25000,0,0,0,25000,0
Salt Flat Field,01-04-2024,-25000,0,0,0,25000,0
Salt Flat Field,01-05-2024,0,0,0,0,0,0
Salt Flat Field,01-06-2024,0,0,0,0,0,0
Salt Flat Field,01-07-2024,0,0,0,0,0,0
Salt Flat Field,01-08-2024,0,0,0,0,0,0
Salt Flat Field,01-09-2024,0,0,0,0,0,0
Salt Flat Field,01-10-2024,0,0,0,0,0,0
Smith B Unit 2H,01-11-2023,-1417.66,626.86,193.31,13601.16,11065.48,0
Smith B Unit 2H,01-12-2023,2455.84,376.59,128.48,8169.12,3338.66,0
Smith B Unit 2H,01-01-2024,2932.93,403.34,133.55,8750,3273.58,0
Smith B Unit 2H,01-02-2024,-29604.7,831.56,262.45,18041.7,42402.36,35413.46
Smith B Unit 2H,01-03-2024,6056.17,685.94,204.2,14884.06,4501.59,0
Smith B Unit 2H,01-04-2024,4678.79,761.23,214.59,16519.38,7039.1,0
Smith B Unit 2H,01-05-2024,3588.93,740.24,224.65,16061.99,7804.44,0
Smith B Unit 2H,01-06-2024,4235.86,726.85,222.46,15767.96,6948.83,0
Smith B Unit 2H,01-07-2024,3224.22,690.94,206.45,14992.38,7410.47,0
Smith B Unit 2H,01-08-2024,2194.72,608.28,193.95,13197.01,7166.34,0
Smith B Unit 2H,01-09-2024,3387.51,697.87,243.64,15137.97,7350.21,0
Smith B Unit 2H,01-10-2024,2519.49,615.53,198.44,13351.73,6951.25,0
Smith B Unit 3H,01-11-2023,6168.61,1156.92,356.78,25101.85,11643.95,0
Smith B Unit 3H,01-12-2023,5754.79,695.01,237.12,15076.65,4943.63,0
Smith B Unit 3H,01-01-2024,4512.02,744.38,246.47,16148.72,6947.06,0
Smith B Unit 3H,01-02-2024,16837.28,1534.7,484.37,33297.17,6790.55,0
Smith B Unit 3H,01-03-2024,14284.19,1265.96,376.87,27469.55,5208.39,0
Smith B Unit 3H,01-04-2024,14985.87,1404.91,396.04,30487.64,6648.61,0
Smith B Unit 3H,01-05-2024,11608.62,1366.07,414.61,29643.51,9426.76,0
Smith B Unit 3H,01-06-2024,17170.34,1341.22,410.57,29100.99,3480.02,0
Smith B Unit 3H,01-07-2024,12145.01,1275.17,381.03,27669.46,7489.5,0
Smith B Unit 3H,01-08-2024,9932.24,1122.61,357.95,24355.97,7350.81,0
Smith B Unit 3H,01-09-2024,12393.9,1287.96,449.65,27938.14,7431.01,0
Smith B Unit 3H,01-10-2024,10681.66,1135.81,366.24,24641.78,6804.35,0
Smith Heirs Lease,01-11-2023,-700,0,0,0,700,0
Smith Heirs Lease,01-12-2023,-700,0,0,0,700,0
Smith Heirs Lease,01-01-2024,-700,0,0,0,700,0
Smith Heirs Lease,01-02-2024,-1075,0,0,0,1075,0
Smith Heirs Lease,01-03-2024,-700,0,0,0,700,0
Smith Heirs Lease,01-04-2024,-343,0,0,0,343,0
Smith Heirs Lease,01-05-2024,-343,0,0,0,343,0
Smith Heirs Lease,01-06-2024,-343,0,0,0,343,0
Smith Heirs Lease,01-07-2024,-343,0,0,0,343,0
Smith Heirs Lease,01-08-2024,-1675,0,0,0,1675,0
Smith Heirs Lease,01-09-2024,0,0,0,0,0,0
Smith Heirs Lease,01-10-2024,0,0,0,0,0,0
Smith Northcutt 2H,01-11-2023,798.12,2381.44,734.4,51670.62,35832.24,0
Smith Northcutt 2H,01-12-2023,30891.83,2717.54,927.16,58951.14,10899.36,0
Smith Northcutt 2H,01-01-2024,29433.81,3426.18,1134.44,74327.95,23258.27,0
Smith Northcutt 2H,01-02-2024,21689.37,2362.07,745.5,51248.13,14641.27,0
Smith Northcutt 2H,01-03-2024,44468.38,3521.02,1048.19,76401.52,9694.21,0
Smith Northcutt 2H,01-04-2024,36763.82,3212.9,905.71,69722.64,12664.18,0
Smith Northcutt 2H,01-05-2024,22815.39,2843.99,863.09,61708.69,20931.12,0
Smith Northcutt 2H,01-06-2024,29569,2840.7,869.59,61636.37,14126.27,0
Smith Northcutt 2H,01-07-2024,35992.66,3349.45,1000.82,72677.94,15530.18,0
Smith Northcutt 2H,01-08-2024,27347.15,2783.8,887.62,60396.29,15468.72,0
Smith Northcutt 2H,01-09-2024,23059.89,2558.88,893.35,55506.43,16289.05,0
Smith Northcutt 2H,01-10-2024,32347.48,3102.06,1000.25,67300.32,15362.8,0
Tiller Briscoe 9H,01-11-2023,-4197.42,1213.29,374.16,26325,22880.61,2397.18
Tiller Briscoe 9H,01-12-2023,-3523.83,1082.35,369.27,23479.11,20187.16,3891.04
Tiller Briscoe 9H,01-01-2024,2982.07,1417.17,469.24,30744.38,18837.34,1348.8
Tiller Briscoe 9H,01-02-2024,3419.23,1197.92,378.08,25990.47,15026.42,0
Tiller Briscoe 9H,01-03-2024,27055.85,1992.08,593.03,43225.35,3621.68,0
Tiller Briscoe 9H,01-04-2024,17819.91,2143.87,604.35,46523.59,15198.65,0
Tiller Briscoe 9H,01-05-2024,6715.32,1492.51,452.92,32382.52,16266.84,0
Tiller Briscoe 9H,01-06-2024,12885.51,1490.86,456.38,32348.13,10072.21,1792.52
Tiller Briscoe 9H,01-07-2024,11143.59,1813.68,541.93,39354.23,16786.58,0
Tiller Briscoe 9H,01-08-2024,13538.51,1808.6,576.68,39239.09,14309.71,0
Tiller Briscoe 9H,01-09-2024,2025.2,1179.23,411.69,25579.5,16128.55,0
Tiller Briscoe 9H,01-10-2024,10751.96,1818.88,586.49,39461.09,17253.86,1829.82
W.H. New 1H,01-11-2023,-3855.15,584.89,180.37,12690.4,12801.21,0
W.H. New 1H,01-12-2023,6643.34,1054.45,359.75,22873.81,9481.25,0
W.H. New 1H,01-01-2024,-2068.77,547.31,181.22,11873.45,10438.79,1678.1
W.H. New 1H,01-02-2024,894.06,600.38,189.49,13026.17,8288.51,0
W.H. New 1H,01-03-2024,16536.21,1603.58,477.38,34795.75,7992.75,0
W.H. New 1H,01-04-2024,-50806.3,448.28,126.37,9728.11,57664.14,50710.01
W.H. New 1H,01-05-2024,10112.32,778.54,236.27,16892.69,1796.1,0
W.H. New 1H,01-06-2024,-11822.74,718.51,219.95,15590.01,22812.82,0
W.H. New 1H,01-07-2024,2031.35,1118.03,334.07,24259.63,15070.27,4167.37
W.H. New 1H,01-08-2024,3673.89,876.33,279.44,19013.76,9729.67,0
W.H. New 1H,01-09-2024,3178.43,906.05,316.29,19651.92,10674.77,0
W.H. New 1H,01-10-2024,1561.81,725.03,233.78,15729.4,9526.42,0
W.H. New 2H,01-11-2023,8636.91,1375.92,424.31,29853.59,12578.9,0
W.H. New 2H,01-12-2023,15319.3,1542.69,526.33,33465.29,8463.03,0
W.H. New 2H,01-01-2024,7506.96,1278.31,423.26,27731.9,12200.97,3260.43
W.H. New 2H,01-02-2024,14864.01,1490.3,470.36,32333.88,8114.39,0
W.H. New 2H,01-03-2024,16177.14,1633.13,486.17,35436.72,9006.58,0
W.H. New 2H,01-04-2024,14342.85,1468.06,413.84,31858.12,8297.66,0
W.H. New 2H,01-05-2024,21755.46,1588.1,481.99,34461.07,2734.91,0
W.H. New 2H,01-06-2024,1730.69,1157.42,354.23,25107.54,16112.15,0
W.H. New 2H,01-07-2024,5740.18,1447.32,432.46,31404.6,16577.94,6759.99
W.H. New 2H,01-08-2024,12555.69,1412.63,450.42,30648.2,9224.76,0
W.H. New 2H,01-09-2024,11702.15,1352.59,472.19,29338.51,9147.36,0
W.H. New 2H,01-10-2024,14168.66,1460.48,470.93,31685.87,8349.25,0
W.H. New 3H,01-11-2023,3533.3,1060.68,327.1,23013.82,12821.91,0
W.H. New 3H,01-12-2023,9182.86,1189.25,405.74,25798.05,9150.61,0
W.H. New 3H,01-01-2024,3625.31,985.44,326.29,21378.23,11567.11,2513.43
W.H. New 3H,01-02-2024,9377.08,1148.86,362.59,24925.86,8336.78,0
W.H. New 3H,01-03-2024,10886.5,1258.96,374.79,27317.8,8527.25,0
W.H. New 3H,01-04-2024,8268.93,1131.71,319.03,24559.09,9184.52,0
W.H. New 3H,01-05-2024,16407.89,1224.26,371.56,26565.7,2471.49,0
W.H. New 3H,01-06-2024,-2917.42,891.93,273.07,19355.29,16672.62,0
W.H. New 3H,01-07-2024,2260.4,1115.77,333.38,24209.68,14944.56,5215.18
W.H. New 3H,01-08-2024,7726.52,1088.99,347.23,23626.55,9063.96,0
W.H. New 3H,01-09-2024,6729.82,1042.65,364.01,22616.87,9342.98,0
W.H. New 3H,01-10-2024,8641.26,1125.88,363.04,24426.42,8717.72,0
Wilson Malone 2H,01-11-2023,-96.89,0,0,0,96.89,0
Wilson Malone 2H,01-12-2023,0,0,0,0,0,0
Wilson Malone 2H,01-01-2024,0,0,0,0,0,0
Wilson Malone 2H,01-02-2024,0,0,0,0,0,0
Wilson Malone 2H,01-03-2024,3506.66,285.83,85.09,6202.13,895,0
Wilson Malone 2H,01-04-2024,0,0,0,0,0,0
Wilson Malone 2H,01-05-2024,0,0,0,0,0,0
Wilson Malone 2H,01-06-2024,0,0,0,0,0,0
Wilson Malone 2H,01-07-2024,0,0,0,0,0,0
Wilson Malone 2H,01-08-2024,0,0,0,0,0,0
Wilson Malone 2H,01-09-2024,0,0,0,0,0,0
Wilson Malone 2H,01-10-2024,0,0,0,0,0,0
